Customer ID,Age,Total Spend,Items Purchased,Average Rating,Discount Applied,Days Since Last Purchase,Satisfaction Level,New_York_Young_Adults,New_York_Middle-aged_Adults,Los_Angeles_Young_Adults,Los_Angeles_Middle-aged_Adults,Chicago_Young_Adults,Chicago_Middle-aged_Adults,San_Francisco_Young_Adults,San_Francisco_Middle-aged_Adults,Miami_Young_Adults,Miami_Middle-aged_Adults,Houston_Young_Adults,Houston_Middle-aged_Adults,Gender_Female,Gender_Male,City_Chicago,City_Houston,City_Los Angeles,City_Miami,City_New York,City_San Francisco,Membership Type_Bronze,Membership Type_Gold,Membership Type_Silver,Cluster,PCA1,PCA2
101,0.1764705882352941,0.639502388893897,0.5,0.8421052631578942,1.0,0.2962962962962963,0.3333333333333333,1.0,0.0,0.0,0.0,0.0,0.0,0.0,0.0,0.0,0.0,0.0,0.0,1.0,0.0,0.0,0.0,0.0,0.0,1.0,0.0,0.0,1.0,0.0,3,0.11451138765961148,1.263420040244757
102,0.4705882352941177,0.333273235373659,0.2857142857142857,0.5789473684210522,0.0,0.1666666666666666,0.0,0.0,0.0,0.0,1.0,0.0,0.0,0.0,0.0,0.0,0.0,0.0,0.0,0.0,1.0,0.0,0.0,1.0,0.0,0.0,0.0,0.0,0.0,1.0,2,-0.9368845927755611,-1.1300930846880353
103,1.0,0.0901018660416478,0.1428571428571428,0.2105263157894736,1.0,0.611111111111111,0.6666666666666666,0.0,0.0,0.0,0.0,0.0,1.0,0.0,0.0,0.0,0.0,0.0,0.0,1.0,0.0,1.0,0.0,0.0,0.0,0.0,0.0,1.0,0.0,0.0,4,1.596030277690701,-0.08148201035251769
104,0.2352941176470588,0.9641215180744612,0.857142857142857,0.8947368421052628,0.0,0.0555555555555555,0.3333333333333333,0.0,0.0,0.0,0.0,0.0,0.0,1.0,0.0,0.0,0.0,0.0,0.0,0.0,1.0,0.0,0.0,0.0,0.0,0.0,1.0,0.0,1.0,0.0,1,-1.3723124233724644,0.9888353068615241
105,0.0588235294117647,0.2790949247273054,0.4285714285714285,0.5263157894736841,1.0,0.8518518518518517,0.6666666666666666,0.0,0.0,0.0,0.0,0.0,0.0,0.0,0.0,1.0,0.0,0.0,0.0,0.0,1.0,0.0,0.0,0.0,1.0,0.0,0.0,0.0,0.0,1.0,5,-0.6797840252657353,-0.9309104122435251
106,0.6470588235294117,0.027044081853421,0.0714285714285714,0.0526315789473683,0.0,0.2407407407407407,0.0,0.0,0.0,0.0,0.0,0.0,0.0,0.0,0.0,0.0,0.0,0.0,1.0,1.0,0.0,0.0,1.0,0.0,0.0,0.0,0.0,1.0,0.0,0.0,0,1.3272501763119884,-0.21056332517447485
107,0.2941176470588236,0.6669070585053637,0.5714285714285714,0.7894736842105261,1.0,0.3518518518518518,0.3333333333333333,0.0,1.0,0.0,0.0,0.0,0.0,0.0,0.0,0.0,0.0,0.0,0.0,1.0,0.0,0.0,0.0,0.0,0.0,1.0,0.0,0.0,1.0,0.0,3,0.1399436899847186,1.301767630044384
108,0.5294117647058822,0.3516632110339853,0.3571428571428571,0.6315789473684208,0.0,0.0925925925925925,0.0,0.0,0.0,0.0,1.0,0.0,0.0,0.0,0.0,0.0,0.0,0.0,0.0,0.0,1.0,0.0,0.0,1.0,0.0,0.0,0.0,0.0,0.0,1.0,2,-0.9610077695190022,-1.0991452646970246
109,0.8823529411764706,0.0761290904173803,0.2142857142857142,0.3157894736842104,1.0,0.5740740740740741,0.6666666666666666,0.0,0.0,0.0,0.0,0.0,1.0,0.0,0.0,0.0,0.0,0.0,0.0,1.0,0.0,1.0,0.0,0.0,0.0,0.0,0.0,1.0,0.0,0.0,4,1.5349065448145336,-0.04013847907113884
110,0.1176470588235294,1.0,1.0,0.9473684210526314,0.0,0.0,0.3333333333333333,0.0,0.0,0.0,0.0,0.0,0.0,1.0,0.0,0.0,0.0,0.0,0.0,0.0,1.0,0.0,0.0,0.0,0.0,0.0,1.0,0.0,1.0,0.0,1,-1.4479240879162127,1.0498007235430804
111,0.3529411764705883,0.251960695934373,0.2857142857142857,0.4210526315789471,1.0,0.4629629629629629,0.6666666666666666,0.0,0.0,0.0,0.0,0.0,0.0,0.0,0.0,0.0,1.0,0.0,0.0,0.0,1.0,0.0,0.0,0.0,1.0,0.0,0.0,0.0,0.0,1.0,5,-0.5792395609132699,-0.9433746906083122
112,0.5882352941176472,0.0538177228883079,0.0,0.1052631578947369,0.0,0.2037037037037037,0.0,0.0,0.0,0.0,0.0,0.0,0.0,0.0,0.0,0.0,0.0,0.0,1.0,1.0,0.0,0.0,1.0,0.0,0.0,0.0,0.0,1.0,0.0,0.0,0,1.3085698706985422,-0.20223702393564086
113,0.2352941176470588,0.7121608221400882,0.6428571428571428,0.6842105263157894,1.0,0.2222222222222221,0.3333333333333333,1.0,0.0,0.0,0.0,0.0,0.0,0.0,0.0,0.0,0.0,0.0,0.0,1.0,0.0,0.0,0.0,0.0,0.0,1.0,0.0,0.0,1.0,0.0,3,0.1112860189435673,1.2859291269213966
114,0.411764705882353,0.369557378526999,0.4285714285714285,0.736842105263158,0.0,0.1111111111111111,0.3333333333333333,0.0,0.0,0.0,1.0,0.0,0.0,0.0,0.0,0.0,0.0,0.0,0.0,0.0,1.0,0.0,0.0,1.0,0.0,0.0,0.0,0.0,0.0,1.0,2,-1.014748752393254,-1.0513565145767247
115,0.9411764705882356,0.1078157396556386,0.1428571428571428,0.263157894736842,1.0,0.5370370370370371,0.6666666666666666,0.0,0.0,0.0,0.0,0.0,1.0,0.0,0.0,0.0,0.0,0.0,0.0,1.0,0.0,1.0,0.0,0.0,0.0,0.0,0.0,1.0,0.0,0.0,4,1.5620619792571397,-0.05725782190753801
116,0.1764705882352941,0.8558550437212656,0.7857142857142856,1.0,0.0,0.037037037037037,0.3333333333333333,0.0,0.0,0.0,0.0,0.0,0.0,1.0,0.0,0.0,0.0,0.0,0.0,0.0,1.0,0.0,0.0,0.0,0.0,0.0,1.0,0.0,1.0,0.0,1,-1.372323569909255,0.9713993440259157
117,0.0,0.2612458307040476,0.3571428571428571,0.368421052631579,1.0,0.7222222222222222,0.6666666666666666,0.0,0.0,0.0,0.0,0.0,0.0,0.0,0.0,1.0,0.0,0.0,0.0,0.0,1.0,0.0,0.0,0.0,1.0,0.0,0.0,0.0,0.0,1.0,5,-0.6513722520821038,-0.9621210821273715
118,0.7058823529411766,0.0361489227440727,0.0714285714285714,0.0,0.0,0.2962962962962963,0.0,0.0,0.0,0.0,0.0,0.0,0.0,0.0,0.0,0.0,0.0,0.0,1.0,1.0,0.0,0.0,1.0,0.0,0.0,0.0,0.0,1.0,0.0,0.0,0,1.3538582236165149,-0.22654179946637826
119,0.3529411764705883,0.6846660055891102,0.5,0.8947368421052628,1.0,0.3703703703703703,0.3333333333333333,0.0,1.0,0.0,0.0,0.0,0.0,0.0,0.0,0.0,0.0,0.0,0.0,1.0,0.0,0.0,0.0,0.0,0.0,1.0,0.0,0.0,1.0,0.0,3,0.1405131682477617,1.3038364515117866
120,0.4705882352941177,0.3420174885062652,0.2857142857142857,0.5263157894736841,0.0,0.1296296296296296,0.0,0.0,0.0,0.0,1.0,0.0,0.0,0.0,0.0,0.0,0.0,0.0,0.0,0.0,1.0,0.0,0.0,1.0,0.0,0.0,0.0,0.0,0.0,1.0,2,-0.9305865581958889,-1.133845842411968
121,1.0,0.0855945190660776,0.2142857142857142,0.1578947368421051,1.0,0.5925925925925926,0.6666666666666666,0.0,0.0,0.0,0.0,0.0,1.0,0.0,0.0,0.0,0.0,0.0,0.0,1.0,0.0,1.0,0.0,0.0,0.0,0.0,0.0,1.0,0.0,0.0,4,1.5930192074924006,-0.07526590874906343
122,0.2352941176470588,0.9552871180023438,0.9285714285714284,0.9473684210526314,0.0,0.074074074074074,0.3333333333333333,0.0,0.0,0.0,0.0,0.0,0.0,1.0,0.0,0.0,0.0,0.0,0.0,0.0,1.0,0.0,0.0,0.0,0.0,0.0,1.0,0.0,1.0,0.0,1,-1.3940942759339399,1.0090662677667197
123,0.0588235294117647,0.270080230776165,0.4285714285714285,0.5789473684210522,1.0,0.8333333333333334,0.6666666666666666,0.0,0.0,0.0,0.0,0.0,0.0,0.0,0.0,1.0,0.0,0.0,0.0,0.0,1.0,0.0,0.0,0.0,1.0,0.0,0.0,0.0,0.0,1.0,5,-0.6911188174684291,-0.9223291014301149
124,0.6470588235294117,0.0180293879022807,0.0,0.2105263157894736,0.0,0.2592592592592593,0.0,0.0,0.0,0.0,0.0,0.0,0.0,0.0,0.0,0.0,0.0,0.0,1.0,1.0,0.0,0.0,1.0,0.0,0.0,0.0,0.0,1.0,0.0,0.0,0,1.3100359195077667,-0.20176871347569916
125,0.2941176470588236,0.6578923645542233,0.5714285714285714,0.8421052631578942,1.0,0.3333333333333333,0.3333333333333333,0.0,1.0,0.0,0.0,0.0,0.0,0.0,0.0,0.0,0.0,0.0,0.0,1.0,0.0,0.0,0.0,0.0,0.0,1.0,0.0,0.0,1.0,0.0,3,0.1286088977820234,1.3103489408577929
126,0.5294117647058822,0.3606779049851257,0.3571428571428571,0.6842105263157894,0.0,0.074074074074074,0.0,0.0,0.0,0.0,1.0,0.0,0.0,0.0,0.0,0.0,0.0,0.0,0.0,0.0,1.0,0.0,0.0,1.0,0.0,0.0,0.0,0.0,0.0,1.0,2,-0.9761491492736968,-1.0861175910986336
127,0.8823529411764706,0.0671143964662399,0.1428571428571428,0.3157894736842104,1.0,0.5555555555555556,0.6666666666666666,0.0,0.0,0.0,0.0,0.0,1.0,0.0,0.0,0.0,0.0,0.0,0.0,1.0,0.0,1.0,0.0,0.0,0.0,0.0,0.0,1.0,0.0,0.0,4,1.5489167852192287,-0.0555985964379796
128,0.1176470588235294,0.9819706120977192,1.0,1.0,0.0,0.0185185185185185,0.3333333333333333,0.0,0.0,0.0,0.0,0.0,0.0,1.0,0.0,0.0,0.0,0.0,0.0,0.0,1.0,0.0,0.0,0.0,0.0,0.0,1.0,0.0,1.0,0.0,1,-1.4539596820520404,1.052895353943166
129,0.3529411764705883,0.2339313080320922,0.2142857142857142,0.4210526315789471,1.0,0.4444444444444444,0.6666666666666666,0.0,0.0,0.0,0.0,0.0,0.0,0.0,0.0,0.0,1.0,0.0,0.0,0.0,1.0,0.0,0.0,0.0,1.0,0.0,0.0,0.0,0.0,1.0,5,-0.5633260267325743,-0.9610579893676439
130,0.5882352941176472,0.0448030289371675,0.0714285714285714,0.0526315789473683,0.0,0.1851851851851852,0.0,0.0,0.0,0.0,0.0,0.0,0.0,0.0,0.0,0.0,0.0,0.0,1.0,1.0,0.0,0.0,1.0,0.0,0.0,0.0,0.0,1.0,0.0,0.0,0,1.3065104473882416,-0.19713251302843166
131,0.2352941176470588,0.7031461281889478,0.6428571428571428,0.7894736842105261,1.0,0.2037037037037037,0.3333333333333333,1.0,0.0,0.0,0.0,0.0,0.0,0.0,0.0,0.0,0.0,0.0,0.0,1.0,0.0,0.0,0.0,0.0,0.0,1.0,0.0,0.0,1.0,0.0,3,0.08841109290761079,1.3036831804302875
132,0.411764705882353,0.3785720724781394,0.4285714285714285,0.6315789473684208,0.0,0.0925925925925925,0.3333333333333333,0.0,0.0,0.0,1.0,0.0,0.0,0.0,0.0,0.0,0.0,0.0,0.0,0.0,1.0,0.0,0.0,1.0,0.0,0.0,0.0,0.0,0.0,1.0,2,-0.9952697306481656,-1.0658470690647848
133,0.9411764705882356,0.0988010457044982,0.1428571428571428,0.263157894736842,1.0,0.5185185185185185,0.6666666666666666,0.0,0.0,0.0,0.0,0.0,1.0,0.0,0.0,0.0,0.0,0.0,0.0,1.0,0.0,1.0,0.0,0.0,0.0,0.0,0.0,1.0,0.0,0.0,4,1.5622673208877056,-0.05784925378961244
134,0.1764705882352941,0.864869737672406,0.7857142857142856,0.8947368421052628,0.0,0.0185185185185185,0.3333333333333333,0.0,0.0,0.0,0.0,0.0,0.0,1.0,0.0,0.0,0.0,0.0,0.0,0.0,1.0,0.0,0.0,0.0,0.0,0.0,1.0,0.0,1.0,0.0,1,-1.3528445481641662,0.9569087895378561
135,0.0,0.2522311367529072,0.3571428571428571,0.4736842105263155,1.0,0.7037037037037037,0.6666666666666666,0.0,0.0,0.0,0.0,0.0,0.0,0.0,0.0,1.0,0.0,0.0,0.0,0.0,1.0,0.0,0.0,0.0,1.0,0.0,0.0,0.0,0.0,1.0,5,-0.674247178118059,-0.9443670286184788
136,0.7058823529411766,0.0271342287929324,0.0714285714285714,0.1052631578947369,0.0,0.2777777777777778,0.0,0.0,0.0,0.0,0.0,0.0,0.0,0.0,0.0,0.0,0.0,0.0,1.0,1.0,0.0,0.0,1.0,0.0,0.0,0.0,0.0,1.0,0.0,0.0,0,1.330983297580559,-0.20878774595748661
137,0.3529411764705883,0.6756513116379698,0.5,0.736842105263158,1.0,0.2407407407407407,0.3333333333333333,0.0,1.0,0.0,0.0,0.0,0.0,0.0,0.0,0.0,0.0,0.0,0.0,1.0,0.0,0.0,0.0,0.0,0.0,1.0,0.0,0.0,1.0,0.0,3,0.16515119850550955,1.285517288605761
138,0.4705882352941177,0.3510321824574056,0.2857142857142857,0.5789473684210522,0.0,0.1481481481481481,0.0,0.0,0.0,0.0,1.0,0.0,0.0,0.0,0.0,0.0,0.0,0.0,0.0,0.0,1.0,0.0,0.0,1.0,0.0,0.0,0.0,0.0,0.0,1.0,2,-0.9423320336597163,-1.1240816678344105
139,1.0,0.0810871720905074,0.2142857142857142,0.1578947368421051,1.0,0.5740740740740741,0.6666666666666666,0.0,0.0,0.0,0.0,0.0,1.0,0.0,0.0,0.0,0.0,0.0,0.0,1.0,0.0,1.0,0.0,0.0,0.0,0.0,0.0,1.0,0.0,0.0,4,1.5922729022349673,-0.07474574993489239
140,0.2352941176470588,0.9462724240512034,0.9285714285714284,0.9473684210526314,0.0,0.0555555555555555,0.3333333333333333,0.0,0.0,0.0,0.0,0.0,0.0,1.0,0.0,0.0,0.0,0.0,0.0,0.0,1.0,0.0,0.0,0.0,0.0,0.0,1.0,0.0,1.0,0.0,1,-1.3938889343033731,1.0084748358846451
141,0.0588235294117647,0.2610655368250247,0.4285714285714285,0.5263157894736841,1.0,0.8148148148148148,0.6666666666666666,0.0,0.0,0.0,0.0,0.0,0.0,0.0,0.0,1.0,0.0,0.0,0.0,0.0,1.0,0.0,0.0,0.0,1.0,0.0,0.0,0.0,0.0,1.0,5,-0.6793733420046016,-0.9320932760076731
142,0.6470588235294117,0.0090146939511403,0.0,0.0526315789473683,0.0,0.2222222222222221,0.0,0.0,0.0,0.0,0.0,0.0,0.0,0.0,0.0,0.0,0.0,0.0,1.0,1.0,0.0,0.0,1.0,0.0,0.0,0.0,0.0,1.0,0.0,0.0,0,1.3431637104926828,-0.2282466239338068
143,0.2941176470588236,0.6488776706030829,0.5714285714285714,0.7894736842105261,1.0,0.3148148148148147,0.3333333333333333,0.0,1.0,0.0,0.0,0.0,0.0,0.0,0.0,0.0,0.0,0.0,0.0,1.0,0.0,0.0,0.0,0.0,0.0,1.0,0.0,0.0,1.0,0.0,3,0.14035437324585082,1.3005847662802348
144,0.5294117647058822,0.369692598936266,0.3571428571428571,0.6842105263157894,0.0,0.0555555555555555,0.0,0.0,0.0,0.0,1.0,0.0,0.0,0.0,0.0,0.0,0.0,0.0,0.0,0.0,1.0,0.0,0.0,1.0,0.0,0.0,0.0,0.0,0.0,1.0,2,-0.9797503951951306,-1.0822626601957266
145,0.8823529411764706,0.0626070494906697,0.1428571428571428,0.3157894736842104,1.0,0.5370370370370371,0.6666666666666666,0.0,0.0,0.0,0.0,0.0,1.0,0.0,0.0,0.0,0.0,0.0,0.0,1.0,0.0,1.0,0.0,0.0,0.0,0.0,0.0,1.0,0.0,0.0,4,1.5481704799617948,-0.055078437623808874
146,0.1176470588235294,0.9729559181465788,1.0,1.0,0.0,0.0,0.3333333333333333,0.0,0.0,0.0,0.0,0.0,0.0,1.0,0.0,0.0,0.0,0.0,0.0,0.0,1.0,0.0,0.0,0.0,0.0,0.0,1.0,0.0,1.0,0.0,1,-1.4537543404214746,1.0523039220610915
147,0.3529411764705883,0.2429460019832325,0.2142857142857142,0.4210526315789471,1.0,0.4259259259259259,0.6666666666666666,0.0,0.0,0.0,0.0,0.0,0.0,0.0,0.0,0.0,1.0,0.0,0.0,0.0,1.0,0.0,0.0,0.0,1.0,0.0,0.0,0.0,0.0,1.0,5,-0.5669272726540081,-0.9572030584647369
148,0.5882352941176472,0.0538177228883079,0.0714285714285714,0.0,0.0,0.1666666666666666,0.0,0.0,0.0,0.0,0.0,0.0,0.0,0.0,0.0,0.0,0.0,0.0,1.0,1.0,0.0,0.0,1.0,0.0,0.0,0.0,0.0,1.0,0.0,0.0,0,1.314449335300069,-0.20245032482100755
149,0.2352941176470588,0.6941314342378077,0.6428571428571428,0.8947368421052628,1.0,0.1851851851851852,0.3333333333333333,1.0,0.0,0.0,0.0,0.0,0.0,0.0,0.0,0.0,0.0,0.0,0.0,1.0,0.0,0.0,0.0,0.0,0.0,1.0,0.0,0.0,1.0,0.0,3,0.06553616687165485,1.3214372339391796
150,0.4705882352941177,0.3420174885062652,0.2857142857142857,0.5263157894736841,0.0,0.1111111111111111,0.0,0.0,0.0,0.0,1.0,0.0,0.0,0.0,0.0,0.0,0.0,0.0,0.0,0.0,1.0,0.0,0.0,1.0,0.0,0.0,0.0,0.0,0.0,1.0,2,-0.9322845103413222,-1.1322140929015514
151,1.0,0.0855945190660776,0.2142857142857142,0.1578947368421051,1.0,0.5555555555555556,0.6666666666666666,0.0,0.0,0.0,0.0,0.0,1.0,0.0,0.0,0.0,0.0,0.0,0.0,1.0,0.0,1.0,0.0,0.0,0.0,0.0,0.0,1.0,0.0,0.0,4,1.5896233032015334,-0.0720024097282308
152,0.2352941176470588,0.9552871180023438,0.9285714285714284,0.9473684210526314,0.0,0.074074074074074,0.3333333333333333,0.0,0.0,0.0,0.0,0.0,0.0,1.0,0.0,0.0,0.0,0.0,0.0,0.0,1.0,0.0,0.0,0.0,0.0,0.0,1.0,0.0,1.0,0.0,1,-1.3940942759339399,1.0090662677667197
153,0.0588235294117647,0.270080230776165,0.4285714285714285,0.5789473684210522,1.0,0.8333333333333334,0.6666666666666666,0.0,0.0,0.0,0.0,0.0,0.0,0.0,0.0,1.0,0.0,0.0,0.0,0.0,1.0,0.0,0.0,0.0,1.0,0.0,0.0,0.0,0.0,1.0,5,-0.6911188174684291,-0.9223291014301149
154,0.6470588235294117,0.0180293879022807,0.0,0.2105263157894736,0.0,0.2592592592592593,0.0,0.0,0.0,0.0,0.0,0.0,0.0,0.0,0.0,0.0,0.0,0.0,1.0,1.0,0.0,0.0,1.0,0.0,0.0,0.0,0.0,1.0,0.0,0.0,0,1.3100359195077667,-0.20176871347569916
155,0.2941176470588236,0.6578923645542233,0.5714285714285714,0.8421052631578942,1.0,0.3333333333333333,0.3333333333333333,0.0,1.0,0.0,0.0,0.0,0.0,0.0,0.0,0.0,0.0,0.0,0.0,1.0,0.0,0.0,0.0,0.0,0.0,1.0,0.0,0.0,1.0,0.0,3,0.1286088977820234,1.3103489408577929
156,0.5294117647058822,0.3606779049851257,0.3571428571428571,0.6842105263157894,0.0,0.074074074074074,0.0,0.0,0.0,0.0,1.0,0.0,0.0,0.0,0.0,0.0,0.0,0.0,0.0,0.0,1.0,0.0,0.0,1.0,0.0,0.0,0.0,0.0,0.0,1.0,2,-0.9761491492736968,-1.0861175910986336
157,0.8823529411764706,0.0671143964662399,0.1428571428571428,0.3157894736842104,1.0,0.5555555555555556,0.6666666666666666,0.0,0.0,0.0,0.0,0.0,1.0,0.0,0.0,0.0,0.0,0.0,0.0,1.0,0.0,1.0,0.0,0.0,0.0,0.0,0.0,1.0,0.0,0.0,4,1.5489167852192287,-0.0555985964379796
158,0.1176470588235294,0.9819706120977192,1.0,1.0,0.0,0.0185185185185185,0.3333333333333333,0.0,0.0,0.0,0.0,0.0,0.0,1.0,0.0,0.0,0.0,0.0,0.0,0.0,1.0,0.0,0.0,0.0,0.0,0.0,1.0,0.0,1.0,0.0,1,-1.4539596820520404,1.052895353943166
159,0.3529411764705883,0.2339313080320922,0.2142857142857142,0.4210526315789471,1.0,0.4444444444444444,0.6666666666666666,0.0,0.0,0.0,0.0,0.0,0.0,0.0,0.0,0.0,1.0,0.0,0.0,0.0,1.0,0.0,0.0,0.0,1.0,0.0,0.0,0.0,0.0,1.0,5,-0.5633260267325743,-0.9610579893676439
160,0.5882352941176472,0.0448030289371675,0.0714285714285714,0.0526315789473683,0.0,0.1851851851851852,0.0,0.0,0.0,0.0,0.0,0.0,0.0,0.0,0.0,0.0,0.0,0.0,1.0,1.0,0.0,0.0,1.0,0.0,0.0,0.0,0.0,1.0,0.0,0.0,0,1.3065104473882416,-0.19713251302843166
161,0.2352941176470588,0.7031461281889478,0.6428571428571428,0.7894736842105261,1.0,0.2037037037037037,0.3333333333333333,1.0,0.0,0.0,0.0,0.0,0.0,0.0,0.0,0.0,0.0,0.0,0.0,1.0,0.0,0.0,0.0,0.0,0.0,1.0,0.0,0.0,1.0,0.0,3,0.08841109290761079,1.3036831804302875
162,0.411764705882353,0.3785720724781394,0.4285714285714285,0.6315789473684208,0.0,0.0925925925925925,0.3333333333333333,0.0,0.0,0.0,1.0,0.0,0.0,0.0,0.0,0.0,0.0,0.0,0.0,0.0,1.0,0.0,0.0,1.0,0.0,0.0,0.0,0.0,0.0,1.0,2,-0.9952697306481656,-1.0658470690647848
163,0.9411764705882356,0.0988010457044982,0.1428571428571428,0.263157894736842,1.0,0.5185185185185185,0.6666666666666666,0.0,0.0,0.0,0.0,0.0,1.0,0.0,0.0,0.0,0.0,0.0,0.0,1.0,0.0,1.0,0.0,0.0,0.0,0.0,0.0,1.0,0.0,0.0,4,1.5622673208877056,-0.05784925378961244
164,0.1764705882352941,0.864869737672406,0.7857142857142856,0.8947368421052628,0.0,0.0185185185185185,0.3333333333333333,0.0,0.0,0.0,0.0,0.0,0.0,1.0,0.0,0.0,0.0,0.0,0.0,0.0,1.0,0.0,0.0,0.0,0.0,0.0,1.0,0.0,1.0,0.0,1,-1.3528445481641662,0.9569087895378561
165,0.0,0.2522311367529072,0.3571428571428571,0.4736842105263155,1.0,0.7037037037037037,0.6666666666666666,0.0,0.0,0.0,0.0,0.0,0.0,0.0,0.0,1.0,0.0,0.0,0.0,0.0,1.0,0.0,0.0,0.0,1.0,0.0,0.0,0.0,0.0,1.0,5,-0.674247178118059,-0.9443670286184788
166,0.7058823529411766,0.0271342287929324,0.0714285714285714,0.1052631578947369,0.0,0.2777777777777778,0.0,0.0,0.0,0.0,0.0,0.0,0.0,0.0,0.0,0.0,0.0,0.0,1.0,1.0,0.0,0.0,1.0,0.0,0.0,0.0,0.0,1.0,0.0,0.0,0,1.330983297580559,-0.20878774595748661
167,0.3529411764705883,0.6756513116379698,0.5,0.736842105263158,1.0,0.2407407407407407,0.3333333333333333,0.0,1.0,0.0,0.0,0.0,0.0,0.0,0.0,0.0,0.0,0.0,0.0,1.0,0.0,0.0,0.0,0.0,0.0,1.0,0.0,0.0,1.0,0.0,3,0.16515119850550955,1.285517288605761
168,0.4705882352941177,0.3510321824574056,0.2857142857142857,0.5789473684210522,0.0,0.1481481481481481,0.0,0.0,0.0,0.0,1.0,0.0,0.0,0.0,0.0,0.0,0.0,0.0,0.0,0.0,1.0,0.0,0.0,1.0,0.0,0.0,0.0,0.0,0.0,1.0,2,-0.9423320336597163,-1.1240816678344105
169,1.0,0.0810871720905074,0.2142857142857142,0.1578947368421051,1.0,0.5740740740740741,0.6666666666666666,0.0,0.0,0.0,0.0,0.0,1.0,0.0,0.0,0.0,0.0,0.0,0.0,1.0,0.0,1.0,0.0,0.0,0.0,0.0,0.0,1.0,0.0,0.0,4,1.5922729022349673,-0.07474574993489239
170,0.2352941176470588,0.9462724240512034,0.9285714285714284,0.9473684210526314,0.0,0.0555555555555555,0.3333333333333333,0.0,0.0,0.0,0.0,0.0,0.0,1.0,0.0,0.0,0.0,0.0,0.0,0.0,1.0,0.0,0.0,0.0,0.0,0.0,1.0,0.0,1.0,0.0,1,-1.3938889343033731,1.0084748358846451
171,0.0588235294117647,0.2610655368250247,0.4285714285714285,0.5263157894736841,1.0,0.8148148148148148,0.6666666666666666,0.0,0.0,0.0,0.0,0.0,0.0,0.0,0.0,1.0,0.0,0.0,0.0,0.0,1.0,0.0,0.0,0.0,1.0,0.0,0.0,0.0,0.0,1.0,5,-0.6793733420046016,-0.9320932760076731
172,0.6470588235294117,0.0090146939511403,0.0,0.0526315789473683,0.0,0.2222222222222221,1.0,0.0,0.0,0.0,0.0,0.0,0.0,0.0,0.0,0.0,0.0,0.0,1.0,1.0,0.0,0.0,1.0,0.0,0.0,0.0,0.0,1.0,0.0,0.0,0,1.370214821684008,-0.21780206049066686
173,0.2941176470588236,0.6488776706030829,0.5714285714285714,0.7894736842105261,1.0,0.3148148148148147,0.3333333333333333,0.0,1.0,0.0,0.0,0.0,0.0,0.0,0.0,0.0,0.0,0.0,0.0,1.0,0.0,0.0,0.0,0.0,0.0,1.0,0.0,0.0,1.0,0.0,3,0.14035437324585082,1.3005847662802348
174,0.5294117647058822,0.369692598936266,0.3571428571428571,0.6842105263157894,0.0,0.0555555555555555,0.0,0.0,0.0,0.0,1.0,0.0,0.0,0.0,0.0,0.0,0.0,0.0,0.0,0.0,1.0,0.0,0.0,1.0,0.0,0.0,0.0,0.0,0.0,1.0,2,-0.9797503951951306,-1.0822626601957266
175,0.8823529411764706,0.0626070494906697,0.1428571428571428,0.3157894736842104,1.0,0.5370370370370371,0.6666666666666666,0.0,0.0,0.0,0.0,0.0,1.0,0.0,0.0,0.0,0.0,0.0,0.0,1.0,0.0,1.0,0.0,0.0,0.0,0.0,0.0,1.0,0.0,0.0,4,1.5481704799617948,-0.055078437623808874
176,0.1176470588235294,0.9729559181465788,1.0,1.0,0.0,0.0,0.3333333333333333,0.0,0.0,0.0,0.0,0.0,0.0,1.0,0.0,0.0,0.0,0.0,0.0,0.0,1.0,0.0,0.0,0.0,0.0,0.0,1.0,0.0,1.0,0.0,1,-1.4537543404214746,1.0523039220610915
177,0.3529411764705883,0.2429460019832325,0.2142857142857142,0.4210526315789471,1.0,0.4259259259259259,0.6666666666666666,0.0,0.0,0.0,0.0,0.0,0.0,0.0,0.0,0.0,1.0,0.0,0.0,0.0,1.0,0.0,0.0,0.0,1.0,0.0,0.0,0.0,0.0,1.0,5,-0.5669272726540081,-0.9572030584647369
178,0.5882352941176472,0.0538177228883079,0.0714285714285714,0.0,0.0,0.1666666666666666,0.0,0.0,0.0,0.0,0.0,0.0,0.0,0.0,0.0,0.0,0.0,0.0,1.0,1.0,0.0,0.0,1.0,0.0,0.0,0.0,0.0,1.0,0.0,0.0,0,1.314449335300069,-0.20245032482100755
179,0.2352941176470588,0.6941314342378077,0.6428571428571428,0.8947368421052628,1.0,0.1851851851851852,0.3333333333333333,1.0,0.0,0.0,0.0,0.0,0.0,0.0,0.0,0.0,0.0,0.0,0.0,1.0,0.0,0.0,0.0,0.0,0.0,1.0,0.0,0.0,1.0,0.0,3,0.06553616687165485,1.3214372339391796
180,0.4705882352941177,0.3420174885062652,0.2857142857142857,0.5263157894736841,0.0,0.1111111111111111,0.0,0.0,0.0,0.0,1.0,0.0,0.0,0.0,0.0,0.0,0.0,0.0,0.0,0.0,1.0,0.0,0.0,1.0,0.0,0.0,0.0,0.0,0.0,1.0,2,-0.9322845103413222,-1.1322140929015514
181,1.0,0.0855945190660776,0.2142857142857142,0.1578947368421051,1.0,0.5555555555555556,0.6666666666666666,0.0,0.0,0.0,0.0,0.0,1.0,0.0,0.0,0.0,0.0,0.0,0.0,1.0,0.0,1.0,0.0,0.0,0.0,0.0,0.0,1.0,0.0,0.0,4,1.5896233032015334,-0.0720024097282308
182,0.2352941176470588,0.9552871180023438,0.9285714285714284,0.9473684210526314,0.0,0.074074074074074,0.3333333333333333,0.0,0.0,0.0,0.0,0.0,0.0,1.0,0.0,0.0,0.0,0.0,0.0,0.0,1.0,0.0,0.0,0.0,0.0,0.0,1.0,0.0,1.0,0.0,1,-1.3940942759339399,1.0090662677667197
183,0.0588235294117647,0.270080230776165,0.4285714285714285,0.5789473684210522,1.0,0.8333333333333334,0.6666666666666666,0.0,0.0,0.0,0.0,0.0,0.0,0.0,0.0,1.0,0.0,0.0,0.0,0.0,1.0,0.0,0.0,0.0,1.0,0.0,0.0,0.0,0.0,1.0,5,-0.6911188174684291,-0.9223291014301149
184,0.6470588235294117,0.0180293879022807,0.0,0.2105263157894736,0.0,0.2592592592592593,0.0,0.0,0.0,0.0,0.0,0.0,0.0,0.0,0.0,0.0,0.0,0.0,1.0,1.0,0.0,0.0,1.0,0.0,0.0,0.0,0.0,1.0,0.0,0.0,0,1.3100359195077667,-0.20176871347569916
185,0.2941176470588236,0.6578923645542233,0.5714285714285714,0.8421052631578942,1.0,0.3333333333333333,0.3333333333333333,0.0,1.0,0.0,0.0,0.0,0.0,0.0,0.0,0.0,0.0,0.0,0.0,1.0,0.0,0.0,0.0,0.0,0.0,1.0,0.0,0.0,1.0,0.0,3,0.1286088977820234,1.3103489408577929
186,0.5294117647058822,0.3606779049851257,0.3571428571428571,0.6842105263157894,0.0,0.074074074074074,0.0,0.0,0.0,0.0,1.0,0.0,0.0,0.0,0.0,0.0,0.0,0.0,0.0,0.0,1.0,0.0,0.0,1.0,0.0,0.0,0.0,0.0,0.0,1.0,2,-0.9761491492736968,-1.0861175910986336
187,0.8823529411764706,0.0671143964662399,0.1428571428571428,0.3157894736842104,1.0,0.5555555555555556,0.6666666666666666,0.0,0.0,0.0,0.0,0.0,1.0,0.0,0.0,0.0,0.0,0.0,0.0,1.0,0.0,1.0,0.0,0.0,0.0,0.0,0.0,1.0,0.0,0.0,4,1.5489167852192287,-0.0555985964379796
188,0.1176470588235294,0.9819706120977192,1.0,1.0,0.0,0.0185185185185185,0.3333333333333333,0.0,0.0,0.0,0.0,0.0,0.0,1.0,0.0,0.0,0.0,0.0,0.0,0.0,1.0,0.0,0.0,0.0,0.0,0.0,1.0,0.0,1.0,0.0,1,-1.4539596820520404,1.052895353943166
189,0.3529411764705883,0.2339313080320922,0.2142857142857142,0.4210526315789471,1.0,0.4444444444444444,0.6666666666666666,0.0,0.0,0.0,0.0,0.0,0.0,0.0,0.0,0.0,1.0,0.0,0.0,0.0,1.0,0.0,0.0,0.0,1.0,0.0,0.0,0.0,0.0,1.0,5,-0.5633260267325743,-0.9610579893676439
190,0.5882352941176472,0.0448030289371675,0.0714285714285714,0.0526315789473683,0.0,0.1851851851851852,0.0,0.0,0.0,0.0,0.0,0.0,0.0,0.0,0.0,0.0,0.0,0.0,1.0,1.0,0.0,0.0,1.0,0.0,0.0,0.0,0.0,1.0,0.0,0.0,0,1.3065104473882416,-0.19713251302843166
191,0.2352941176470588,0.7031461281889478,0.6428571428571428,0.7894736842105261,1.0,0.2037037037037037,0.3333333333333333,1.0,0.0,0.0,0.0,0.0,0.0,0.0,0.0,0.0,0.0,0.0,0.0,1.0,0.0,0.0,0.0,0.0,0.0,1.0,0.0,0.0,1.0,0.0,3,0.08841109290761079,1.3036831804302875
192,0.411764705882353,0.3785720724781394,0.4285714285714285,0.6315789473684208,0.0,0.0925925925925925,0.3333333333333333,0.0,0.0,0.0,1.0,0.0,0.0,0.0,0.0,0.0,0.0,0.0,0.0,0.0,1.0,0.0,0.0,1.0,0.0,0.0,0.0,0.0,0.0,1.0,2,-0.9952697306481656,-1.0658470690647848
193,0.9411764705882356,0.0988010457044982,0.1428571428571428,0.263157894736842,1.0,0.5185185185185185,0.6666666666666666,0.0,0.0,0.0,0.0,0.0,1.0,0.0,0.0,0.0,0.0,0.0,0.0,1.0,0.0,1.0,0.0,0.0,0.0,0.0,0.0,1.0,0.0,0.0,4,1.5622673208877056,-0.05784925378961244
194,0.1764705882352941,0.864869737672406,0.7857142857142856,0.8947368421052628,0.0,0.0185185185185185,0.3333333333333333,0.0,0.0,0.0,0.0,0.0,0.0,1.0,0.0,0.0,0.0,0.0,0.0,0.0,1.0,0.0,0.0,0.0,0.0,0.0,1.0,0.0,1.0,0.0,1,-1.3528445481641662,0.9569087895378561
195,0.0,0.2522311367529072,0.3571428571428571,0.4736842105263155,1.0,0.7037037037037037,0.6666666666666666,0.0,0.0,0.0,0.0,0.0,0.0,0.0,0.0,1.0,0.0,0.0,0.0,0.0,1.0,0.0,0.0,0.0,1.0,0.0,0.0,0.0,0.0,1.0,5,-0.674247178118059,-0.9443670286184788
196,0.7058823529411766,0.0271342287929324,0.0714285714285714,0.1052631578947369,0.0,0.2777777777777778,0.0,0.0,0.0,0.0,0.0,0.0,0.0,0.0,0.0,0.0,0.0,0.0,1.0,1.0,0.0,0.0,1.0,0.0,0.0,0.0,0.0,1.0,0.0,0.0,0,1.330983297580559,-0.20878774595748661
197,0.3529411764705883,0.6756513116379698,0.5,0.736842105263158,1.0,0.2407407407407407,0.3333333333333333,0.0,1.0,0.0,0.0,0.0,0.0,0.0,0.0,0.0,0.0,0.0,0.0,1.0,0.0,0.0,0.0,0.0,0.0,1.0,0.0,0.0,1.0,0.0,3,0.16515119850550955,1.285517288605761
198,0.4705882352941177,0.3510321824574056,0.2857142857142857,0.5789473684210522,0.0,0.1481481481481481,0.0,0.0,0.0,0.0,1.0,0.0,0.0,0.0,0.0,0.0,0.0,0.0,0.0,0.0,1.0,0.0,0.0,1.0,0.0,0.0,0.0,0.0,0.0,1.0,2,-0.9423320336597163,-1.1240816678344105
199,1.0,0.0810871720905074,0.2142857142857142,0.1578947368421051,1.0,0.5740740740740741,0.6666666666666666,0.0,0.0,0.0,0.0,0.0,1.0,0.0,0.0,0.0,0.0,0.0,0.0,1.0,0.0,1.0,0.0,0.0,0.0,0.0,0.0,1.0,0.0,0.0,4,1.5922729022349673,-0.07474574993489239
200,0.2352941176470588,0.9462724240512034,0.9285714285714284,0.9473684210526314,0.0,0.0555555555555555,0.3333333333333333,0.0,0.0,0.0,0.0,0.0,0.0,1.0,0.0,0.0,0.0,0.0,0.0,0.0,1.0,0.0,0.0,0.0,0.0,0.0,1.0,0.0,1.0,0.0,1,-1.3938889343033731,1.0084748358846451
201,0.0588235294117647,0.2610655368250247,0.4285714285714285,0.5263157894736841,1.0,0.8148148148148148,0.6666666666666666,0.0,0.0,0.0,0.0,0.0,0.0,0.0,0.0,1.0,0.0,0.0,0.0,0.0,1.0,0.0,0.0,0.0,1.0,0.0,0.0,0.0,0.0,1.0,5,-0.6793733420046016,-0.9320932760076731
202,0.6470588235294117,0.0090146939511403,0.0,0.0526315789473683,0.0,0.2222222222222221,0.0,0.0,0.0,0.0,0.0,0.0,0.0,0.0,0.0,0.0,0.0,0.0,1.0,1.0,0.0,0.0,1.0,0.0,0.0,0.0,0.0,1.0,0.0,0.0,0,1.3431637104926828,-0.2282466239338068
203,0.2941176470588236,0.6488776706030829,0.5714285714285714,0.7894736842105261,1.0,0.3148148148148147,0.3333333333333333,0.0,1.0,0.0,0.0,0.0,0.0,0.0,0.0,0.0,0.0,0.0,0.0,1.0,0.0,0.0,0.0,0.0,0.0,1.0,0.0,0.0,1.0,0.0,3,0.14035437324585082,1.3005847662802348
204,0.5294117647058822,0.369692598936266,0.3571428571428571,0.6842105263157894,0.0,0.0555555555555555,0.0,0.0,0.0,0.0,1.0,0.0,0.0,0.0,0.0,0.0,0.0,0.0,0.0,0.0,1.0,0.0,0.0,1.0,0.0,0.0,0.0,0.0,0.0,1.0,2,-0.9797503951951306,-1.0822626601957266
205,0.8823529411764706,0.0626070494906697,0.1428571428571428,0.3157894736842104,1.0,0.5370370370370371,0.6666666666666666,0.0,0.0,0.0,0.0,0.0,1.0,0.0,0.0,0.0,0.0,0.0,0.0,1.0,0.0,1.0,0.0,0.0,0.0,0.0,0.0,1.0,0.0,0.0,4,1.5481704799617948,-0.055078437623808874
206,0.1176470588235294,0.9729559181465788,1.0,1.0,0.0,0.0,0.3333333333333333,0.0,0.0,0.0,0.0,0.0,0.0,1.0,0.0,0.0,0.0,0.0,0.0,0.0,1.0,0.0,0.0,0.0,0.0,0.0,1.0,0.0,1.0,0.0,1,-1.4537543404214746,1.0523039220610915
207,0.3529411764705883,0.2429460019832325,0.2142857142857142,0.4210526315789471,1.0,0.4259259259259259,0.6666666666666666,0.0,0.0,0.0,0.0,0.0,0.0,0.0,0.0,0.0,1.0,0.0,0.0,0.0,1.0,0.0,0.0,0.0,1.0,0.0,0.0,0.0,0.0,1.0,5,-0.5669272726540081,-0.9572030584647369
208,0.5882352941176472,0.0538177228883079,0.0714285714285714,0.0,0.0,0.1666666666666666,0.0,0.0,0.0,0.0,0.0,0.0,0.0,0.0,0.0,0.0,0.0,0.0,1.0,1.0,0.0,0.0,1.0,0.0,0.0,0.0,0.0,1.0,0.0,0.0,0,1.314449335300069,-0.20245032482100755
209,0.2352941176470588,0.6941314342378077,0.6428571428571428,0.8947368421052628,1.0,0.1851851851851852,0.3333333333333333,1.0,0.0,0.0,0.0,0.0,0.0,0.0,0.0,0.0,0.0,0.0,0.0,1.0,0.0,0.0,0.0,0.0,0.0,1.0,0.0,0.0,1.0,0.0,3,0.06553616687165485,1.3214372339391796
210,0.4705882352941177,0.3420174885062652,0.2857142857142857,0.5263157894736841,0.0,0.1111111111111111,0.0,0.0,0.0,0.0,1.0,0.0,0.0,0.0,0.0,0.0,0.0,0.0,0.0,0.0,1.0,0.0,0.0,1.0,0.0,0.0,0.0,0.0,0.0,1.0,2,-0.9322845103413222,-1.1322140929015514
211,1.0,0.0855945190660776,0.2142857142857142,0.1578947368421051,1.0,0.5555555555555556,0.6666666666666666,0.0,0.0,0.0,0.0,0.0,1.0,0.0,0.0,0.0,0.0,0.0,0.0,1.0,0.0,1.0,0.0,0.0,0.0,0.0,0.0,1.0,0.0,0.0,4,1.5896233032015334,-0.0720024097282308
212,0.2352941176470588,0.9552871180023438,0.9285714285714284,0.9473684210526314,0.0,0.074074074074074,0.3333333333333333,0.0,0.0,0.0,0.0,0.0,0.0,1.0,0.0,0.0,0.0,0.0,0.0,0.0,1.0,0.0,0.0,0.0,0.0,0.0,1.0,0.0,1.0,0.0,1,-1.3940942759339399,1.0090662677667197
213,0.0588235294117647,0.270080230776165,0.4285714285714285,0.5789473684210522,1.0,0.8333333333333334,0.6666666666666666,0.0,0.0,0.0,0.0,0.0,0.0,0.0,0.0,1.0,0.0,0.0,0.0,0.0,1.0,0.0,0.0,0.0,1.0,0.0,0.0,0.0,0.0,1.0,5,-0.6911188174684291,-0.9223291014301149
214,0.6470588235294117,0.0180293879022807,0.0,0.2105263157894736,0.0,0.2592592592592593,0.0,0.0,0.0,0.0,0.0,0.0,0.0,0.0,0.0,0.0,0.0,0.0,1.0,1.0,0.0,0.0,1.0,0.0,0.0,0.0,0.0,1.0,0.0,0.0,0,1.3100359195077667,-0.20176871347569916
215,0.2941176470588236,0.6578923645542233,0.5714285714285714,0.8421052631578942,1.0,0.3333333333333333,0.3333333333333333,0.0,1.0,0.0,0.0,0.0,0.0,0.0,0.0,0.0,0.0,0.0,0.0,1.0,0.0,0.0,0.0,0.0,0.0,1.0,0.0,0.0,1.0,0.0,3,0.1286088977820234,1.3103489408577929
216,0.5294117647058822,0.3606779049851257,0.3571428571428571,0.6842105263157894,0.0,0.074074074074074,0.0,0.0,0.0,0.0,1.0,0.0,0.0,0.0,0.0,0.0,0.0,0.0,0.0,0.0,1.0,0.0,0.0,1.0,0.0,0.0,0.0,0.0,0.0,1.0,2,-0.9761491492736968,-1.0861175910986336
217,0.8823529411764706,0.0671143964662399,0.1428571428571428,0.3157894736842104,1.0,0.5555555555555556,0.6666666666666666,0.0,0.0,0.0,0.0,0.0,1.0,0.0,0.0,0.0,0.0,0.0,0.0,1.0,0.0,1.0,0.0,0.0,0.0,0.0,0.0,1.0,0.0,0.0,4,1.5489167852192287,-0.0555985964379796
218,0.1176470588235294,0.9819706120977192,1.0,1.0,0.0,0.0185185185185185,0.3333333333333333,0.0,0.0,0.0,0.0,0.0,0.0,1.0,0.0,0.0,0.0,0.0,0.0,0.0,1.0,0.0,0.0,0.0,0.0,0.0,1.0,0.0,1.0,0.0,1,-1.4539596820520404,1.052895353943166
219,0.3529411764705883,0.2339313080320922,0.2142857142857142,0.4210526315789471,1.0,0.4444444444444444,0.6666666666666666,0.0,0.0,0.0,0.0,0.0,0.0,0.0,0.0,0.0,1.0,0.0,0.0,0.0,1.0,0.0,0.0,0.0,1.0,0.0,0.0,0.0,0.0,1.0,5,-0.5633260267325743,-0.9610579893676439
220,0.5882352941176472,0.0448030289371675,0.0714285714285714,0.0526315789473683,0.0,0.1851851851851852,0.0,0.0,0.0,0.0,0.0,0.0,0.0,0.0,0.0,0.0,0.0,0.0,1.0,1.0,0.0,0.0,1.0,0.0,0.0,0.0,0.0,1.0,0.0,0.0,0,1.3065104473882416,-0.19713251302843166
221,0.2352941176470588,0.7031461281889478,0.6428571428571428,0.7894736842105261,1.0,0.2037037037037037,0.3333333333333333,1.0,0.0,0.0,0.0,0.0,0.0,0.0,0.0,0.0,0.0,0.0,0.0,1.0,0.0,0.0,0.0,0.0,0.0,1.0,0.0,0.0,1.0,0.0,3,0.08841109290761079,1.3036831804302875
222,0.411764705882353,0.3785720724781394,0.4285714285714285,0.6315789473684208,0.0,0.0925925925925925,0.3333333333333333,0.0,0.0,0.0,1.0,0.0,0.0,0.0,0.0,0.0,0.0,0.0,0.0,0.0,1.0,0.0,0.0,1.0,0.0,0.0,0.0,0.0,0.0,1.0,2,-0.9952697306481656,-1.0658470690647848
223,0.9411764705882356,0.0988010457044982,0.1428571428571428,0.263157894736842,1.0,0.5185185185185185,0.6666666666666666,0.0,0.0,0.0,0.0,0.0,1.0,0.0,0.0,0.0,0.0,0.0,0.0,1.0,0.0,1.0,0.0,0.0,0.0,0.0,0.0,1.0,0.0,0.0,4,1.5622673208877056,-0.05784925378961244
224,0.1764705882352941,0.864869737672406,0.7857142857142856,0.8947368421052628,0.0,0.0185185185185185,0.3333333333333333,0.0,0.0,0.0,0.0,0.0,0.0,1.0,0.0,0.0,0.0,0.0,0.0,0.0,1.0,0.0,0.0,0.0,0.0,0.0,1.0,0.0,1.0,0.0,1,-1.3528445481641662,0.9569087895378561
225,0.0,0.2522311367529072,0.3571428571428571,0.4736842105263155,1.0,0.7037037037037037,0.6666666666666666,0.0,0.0,0.0,0.0,0.0,0.0,0.0,0.0,1.0,0.0,0.0,0.0,0.0,1.0,0.0,0.0,0.0,1.0,0.0,0.0,0.0,0.0,1.0,5,-0.674247178118059,-0.9443670286184788
226,0.7058823529411766,0.0271342287929324,0.0714285714285714,0.1052631578947369,0.0,0.2777777777777778,0.0,0.0,0.0,0.0,0.0,0.0,0.0,0.0,0.0,0.0,0.0,0.0,1.0,1.0,0.0,0.0,1.0,0.0,0.0,0.0,0.0,1.0,0.0,0.0,0,1.330983297580559,-0.20878774595748661
227,0.3529411764705883,0.6756513116379698,0.5,0.736842105263158,1.0,0.2407407407407407,0.3333333333333333,0.0,1.0,0.0,0.0,0.0,0.0,0.0,0.0,0.0,0.0,0.0,0.0,1.0,0.0,0.0,0.0,0.0,0.0,1.0,0.0,0.0,1.0,0.0,3,0.16515119850550955,1.285517288605761
228,0.4705882352941177,0.3510321824574056,0.2857142857142857,0.5789473684210522,0.0,0.1481481481481481,0.0,0.0,0.0,0.0,1.0,0.0,0.0,0.0,0.0,0.0,0.0,0.0,0.0,0.0,1.0,0.0,0.0,1.0,0.0,0.0,0.0,0.0,0.0,1.0,2,-0.9423320336597163,-1.1240816678344105
229,1.0,0.0810871720905074,0.2142857142857142,0.1578947368421051,1.0,0.5740740740740741,0.6666666666666666,0.0,0.0,0.0,0.0,0.0,1.0,0.0,0.0,0.0,0.0,0.0,0.0,1.0,0.0,1.0,0.0,0.0,0.0,0.0,0.0,1.0,0.0,0.0,4,1.5922729022349673,-0.07474574993489239
230,0.2352941176470588,0.9462724240512034,0.9285714285714284,0.9473684210526314,0.0,0.0555555555555555,0.3333333333333333,0.0,0.0,0.0,0.0,0.0,0.0,1.0,0.0,0.0,0.0,0.0,0.0,0.0,1.0,0.0,0.0,0.0,0.0,0.0,1.0,0.0,1.0,0.0,1,-1.3938889343033731,1.0084748358846451
231,0.0588235294117647,0.2610655368250247,0.4285714285714285,0.5263157894736841,1.0,0.8148148148148148,0.6666666666666666,0.0,0.0,0.0,0.0,0.0,0.0,0.0,0.0,1.0,0.0,0.0,0.0,0.0,1.0,0.0,0.0,0.0,1.0,0.0,0.0,0.0,0.0,1.0,5,-0.6793733420046016,-0.9320932760076731
232,0.6470588235294117,0.0090146939511403,0.0,0.0526315789473683,0.0,0.2222222222222221,0.0,0.0,0.0,0.0,0.0,0.0,0.0,0.0,0.0,0.0,0.0,0.0,1.0,1.0,0.0,0.0,1.0,0.0,0.0,0.0,0.0,1.0,0.0,0.0,0,1.3431637104926828,-0.2282466239338068
233,0.2941176470588236,0.6488776706030829,0.5714285714285714,0.7894736842105261,1.0,0.3148148148148147,0.3333333333333333,0.0,1.0,0.0,0.0,0.0,0.0,0.0,0.0,0.0,0.0,0.0,0.0,1.0,0.0,0.0,0.0,0.0,0.0,1.0,0.0,0.0,1.0,0.0,3,0.14035437324585082,1.3005847662802348
234,0.5294117647058822,0.369692598936266,0.3571428571428571,0.6842105263157894,0.0,0.0555555555555555,0.0,0.0,0.0,0.0,1.0,0.0,0.0,0.0,0.0,0.0,0.0,0.0,0.0,0.0,1.0,0.0,0.0,1.0,0.0,0.0,0.0,0.0,0.0,1.0,2,-0.9797503951951306,-1.0822626601957266
235,0.8823529411764706,0.0626070494906697,0.1428571428571428,0.3157894736842104,1.0,0.5370370370370371,0.6666666666666666,0.0,0.0,0.0,0.0,0.0,1.0,0.0,0.0,0.0,0.0,0.0,0.0,1.0,0.0,1.0,0.0,0.0,0.0,0.0,0.0,1.0,0.0,0.0,4,1.5481704799617948,-0.055078437623808874
236,0.1176470588235294,0.9729559181465788,1.0,1.0,0.0,0.0,0.3333333333333333,0.0,0.0,0.0,0.0,0.0,0.0,1.0,0.0,0.0,0.0,0.0,0.0,0.0,1.0,0.0,0.0,0.0,0.0,0.0,1.0,0.0,1.0,0.0,1,-1.4537543404214746,1.0523039220610915
237,0.3529411764705883,0.2429460019832325,0.2142857142857142,0.4210526315789471,1.0,0.4259259259259259,0.6666666666666666,0.0,0.0,0.0,0.0,0.0,0.0,0.0,0.0,0.0,1.0,0.0,0.0,0.0,1.0,0.0,0.0,0.0,1.0,0.0,0.0,0.0,0.0,1.0,5,-0.5669272726540081,-0.9572030584647369
238,0.5882352941176472,0.0538177228883079,0.0714285714285714,0.0,0.0,0.1666666666666666,0.0,0.0,0.0,0.0,0.0,0.0,0.0,0.0,0.0,0.0,0.0,0.0,1.0,1.0,0.0,0.0,1.0,0.0,0.0,0.0,0.0,1.0,0.0,0.0,0,1.314449335300069,-0.20245032482100755
239,0.2352941176470588,0.6941314342378077,0.6428571428571428,0.8947368421052628,1.0,0.1851851851851852,0.3333333333333333,1.0,0.0,0.0,0.0,0.0,0.0,0.0,0.0,0.0,0.0,0.0,0.0,1.0,0.0,0.0,0.0,0.0,0.0,1.0,0.0,0.0,1.0,0.0,3,0.06553616687165485,1.3214372339391796
240,0.4705882352941177,0.3420174885062652,0.2857142857142857,0.5263157894736841,0.0,0.1111111111111111,0.0,0.0,0.0,0.0,1.0,0.0,0.0,0.0,0.0,0.0,0.0,0.0,0.0,0.0,1.0,0.0,0.0,1.0,0.0,0.0,0.0,0.0,0.0,1.0,2,-0.9322845103413222,-1.1322140929015514
241,1.0,0.0855945190660776,0.2142857142857142,0.1578947368421051,1.0,0.5555555555555556,0.6666666666666666,0.0,0.0,0.0,0.0,0.0,1.0,0.0,0.0,0.0,0.0,0.0,0.0,1.0,0.0,1.0,0.0,0.0,0.0,0.0,0.0,1.0,0.0,0.0,4,1.5896233032015334,-0.0720024097282308
242,0.2352941176470588,0.9552871180023438,0.9285714285714284,0.9473684210526314,0.0,0.074074074074074,0.3333333333333333,0.0,0.0,0.0,0.0,0.0,0.0,1.0,0.0,0.0,0.0,0.0,0.0,0.0,1.0,0.0,0.0,0.0,0.0,0.0,1.0,0.0,1.0,0.0,1,-1.3940942759339399,1.0090662677667197
243,0.0588235294117647,0.270080230776165,0.4285714285714285,0.5789473684210522,1.0,0.8333333333333334,0.6666666666666666,0.0,0.0,0.0,0.0,0.0,0.0,0.0,0.0,1.0,0.0,0.0,0.0,0.0,1.0,0.0,0.0,0.0,1.0,0.0,0.0,0.0,0.0,1.0,5,-0.6911188174684291,-0.9223291014301149
244,0.6470588235294117,0.0180293879022807,0.0,0.2105263157894736,0.0,0.2592592592592593,1.0,0.0,0.0,0.0,0.0,0.0,0.0,0.0,0.0,0.0,0.0,0.0,1.0,1.0,0.0,0.0,1.0,0.0,0.0,0.0,0.0,1.0,0.0,0.0,0,1.3370870306990912,-0.19132415003255923
245,0.2941176470588236,0.6488776706030829,0.5714285714285714,0.7894736842105261,1.0,0.3148148148148147,0.3333333333333333,0.0,1.0,0.0,0.0,0.0,0.0,0.0,0.0,0.0,0.0,0.0,0.0,1.0,0.0,0.0,0.0,0.0,0.0,1.0,0.0,0.0,1.0,0.0,3,0.14035437324585082,1.3005847662802348
246,0.5294117647058822,0.369692598936266,0.3571428571428571,0.6842105263157894,0.0,0.0555555555555555,0.0,0.0,0.0,0.0,1.0,0.0,0.0,0.0,0.0,0.0,0.0,0.0,0.0,0.0,1.0,0.0,0.0,1.0,0.0,0.0,0.0,0.0,0.0,1.0,2,-0.9797503951951306,-1.0822626601957266
247,0.8823529411764706,0.0626070494906697,0.1428571428571428,0.3157894736842104,1.0,0.5370370370370371,0.6666666666666666,0.0,0.0,0.0,0.0,0.0,1.0,0.0,0.0,0.0,0.0,0.0,0.0,1.0,0.0,1.0,0.0,0.0,0.0,0.0,0.0,1.0,0.0,0.0,4,1.5481704799617948,-0.055078437623808874
248,0.1176470588235294,0.9729559181465788,1.0,1.0,0.0,0.0,0.3333333333333333,0.0,0.0,0.0,0.0,0.0,0.0,1.0,0.0,0.0,0.0,0.0,0.0,0.0,1.0,0.0,0.0,0.0,0.0,0.0,1.0,0.0,1.0,0.0,1,-1.4537543404214746,1.0523039220610915
249,0.3529411764705883,0.2429460019832325,0.2142857142857142,0.4210526315789471,1.0,0.4259259259259259,0.6666666666666666,0.0,0.0,0.0,0.0,0.0,0.0,0.0,0.0,0.0,1.0,0.0,0.0,0.0,1.0,0.0,0.0,0.0,1.0,0.0,0.0,0.0,0.0,1.0,5,-0.5669272726540081,-0.9572030584647369
250,0.5882352941176472,0.0538177228883079,0.0714285714285714,0.0,0.0,0.1666666666666666,0.0,0.0,0.0,0.0,0.0,0.0,0.0,0.0,0.0,0.0,0.0,0.0,1.0,1.0,0.0,0.0,1.0,0.0,0.0,0.0,0.0,1.0,0.0,0.0,0,1.314449335300069,-0.20245032482100755
251,0.2352941176470588,0.6941314342378077,0.6428571428571428,0.8947368421052628,1.0,0.1851851851851852,0.3333333333333333,1.0,0.0,0.0,0.0,0.0,0.0,0.0,0.0,0.0,0.0,0.0,0.0,1.0,0.0,0.0,0.0,0.0,0.0,1.0,0.0,0.0,1.0,0.0,3,0.06553616687165485,1.3214372339391796
252,0.4705882352941177,0.3420174885062652,0.2857142857142857,0.5263157894736841,0.0,0.1111111111111111,0.0,0.0,0.0,0.0,1.0,0.0,0.0,0.0,0.0,0.0,0.0,0.0,0.0,0.0,1.0,0.0,0.0,1.0,0.0,0.0,0.0,0.0,0.0,1.0,2,-0.9322845103413222,-1.1322140929015514
253,1.0,0.0855945190660776,0.2142857142857142,0.1578947368421051,1.0,0.5555555555555556,0.6666666666666666,0.0,0.0,0.0,0.0,0.0,1.0,0.0,0.0,0.0,0.0,0.0,0.0,1.0,0.0,1.0,0.0,0.0,0.0,0.0,0.0,1.0,0.0,0.0,4,1.5896233032015334,-0.0720024097282308
254,0.2352941176470588,0.9552871180023438,0.9285714285714284,0.9473684210526314,0.0,0.074074074074074,0.3333333333333333,0.0,0.0,0.0,0.0,0.0,0.0,1.0,0.0,0.0,0.0,0.0,0.0,0.0,1.0,0.0,0.0,0.0,0.0,0.0,1.0,0.0,1.0,0.0,1,-1.3940942759339399,1.0090662677667197
255,0.0588235294117647,0.270080230776165,0.4285714285714285,0.5789473684210522,1.0,0.8333333333333334,0.6666666666666666,0.0,0.0,0.0,0.0,0.0,0.0,0.0,0.0,1.0,0.0,0.0,0.0,0.0,1.0,0.0,0.0,0.0,1.0,0.0,0.0,0.0,0.0,1.0,5,-0.6911188174684291,-0.9223291014301149
256,0.6470588235294117,0.0180293879022807,0.0,0.2105263157894736,0.0,0.2592592592592593,0.0,0.0,0.0,0.0,0.0,0.0,0.0,0.0,0.0,0.0,0.0,0.0,1.0,1.0,0.0,0.0,1.0,0.0,0.0,0.0,0.0,1.0,0.0,0.0,0,1.3100359195077667,-0.20176871347569916
257,0.2941176470588236,0.6578923645542233,0.5714285714285714,0.8421052631578942,1.0,0.3333333333333333,0.3333333333333333,0.0,1.0,0.0,0.0,0.0,0.0,0.0,0.0,0.0,0.0,0.0,0.0,1.0,0.0,0.0,0.0,0.0,0.0,1.0,0.0,0.0,1.0,0.0,3,0.1286088977820234,1.3103489408577929
258,0.5294117647058822,0.3606779049851257,0.3571428571428571,0.6842105263157894,0.0,0.074074074074074,0.0,0.0,0.0,0.0,1.0,0.0,0.0,0.0,0.0,0.0,0.0,0.0,0.0,0.0,1.0,0.0,0.0,1.0,0.0,0.0,0.0,0.0,0.0,1.0,2,-0.9761491492736968,-1.0861175910986336
259,0.8823529411764706,0.0671143964662399,0.1428571428571428,0.3157894736842104,1.0,0.5555555555555556,0.6666666666666666,0.0,0.0,0.0,0.0,0.0,1.0,0.0,0.0,0.0,0.0,0.0,0.0,1.0,0.0,1.0,0.0,0.0,0.0,0.0,0.0,1.0,0.0,0.0,4,1.5489167852192287,-0.0555985964379796
260,0.1176470588235294,0.9819706120977192,1.0,1.0,0.0,0.0185185185185185,0.3333333333333333,0.0,0.0,0.0,0.0,0.0,0.0,1.0,0.0,0.0,0.0,0.0,0.0,0.0,1.0,0.0,0.0,0.0,0.0,0.0,1.0,0.0,1.0,0.0,1,-1.4539596820520404,1.052895353943166
261,0.3529411764705883,0.2339313080320922,0.2142857142857142,0.4210526315789471,1.0,0.4444444444444444,0.6666666666666666,0.0,0.0,0.0,0.0,0.0,0.0,0.0,0.0,0.0,1.0,0.0,0.0,0.0,1.0,0.0,0.0,0.0,1.0,0.0,0.0,0.0,0.0,1.0,5,-0.5633260267325743,-0.9610579893676439
262,0.5882352941176472,0.0448030289371675,0.0714285714285714,0.0526315789473683,0.0,0.1851851851851852,0.0,0.0,0.0,0.0,0.0,0.0,0.0,0.0,0.0,0.0,0.0,0.0,1.0,1.0,0.0,0.0,1.0,0.0,0.0,0.0,0.0,1.0,0.0,0.0,0,1.3065104473882416,-0.19713251302843166
263,0.2352941176470588,0.7031461281889478,0.6428571428571428,0.7894736842105261,1.0,0.2037037037037037,0.3333333333333333,1.0,0.0,0.0,0.0,0.0,0.0,0.0,0.0,0.0,0.0,0.0,0.0,1.0,0.0,0.0,0.0,0.0,0.0,1.0,0.0,0.0,1.0,0.0,3,0.08841109290761079,1.3036831804302875
264,0.411764705882353,0.3785720724781394,0.4285714285714285,0.6315789473684208,0.0,0.0925925925925925,0.3333333333333333,0.0,0.0,0.0,1.0,0.0,0.0,0.0,0.0,0.0,0.0,0.0,0.0,0.0,1.0,0.0,0.0,1.0,0.0,0.0,0.0,0.0,0.0,1.0,2,-0.9952697306481656,-1.0658470690647848
265,0.9411764705882356,0.0988010457044982,0.1428571428571428,0.263157894736842,1.0,0.5185185185185185,0.6666666666666666,0.0,0.0,0.0,0.0,0.0,1.0,0.0,0.0,0.0,0.0,0.0,0.0,1.0,0.0,1.0,0.0,0.0,0.0,0.0,0.0,1.0,0.0,0.0,4,1.5622673208877056,-0.05784925378961244
266,0.1764705882352941,0.864869737672406,0.7857142857142856,0.8947368421052628,0.0,0.0185185185185185,0.3333333333333333,0.0,0.0,0.0,0.0,0.0,0.0,1.0,0.0,0.0,0.0,0.0,0.0,0.0,1.0,0.0,0.0,0.0,0.0,0.0,1.0,0.0,1.0,0.0,1,-1.3528445481641662,0.9569087895378561
267,0.0,0.2522311367529072,0.3571428571428571,0.4736842105263155,1.0,0.7037037037037037,0.6666666666666666,0.0,0.0,0.0,0.0,0.0,0.0,0.0,0.0,1.0,0.0,0.0,0.0,0.0,1.0,0.0,0.0,0.0,1.0,0.0,0.0,0.0,0.0,1.0,5,-0.674247178118059,-0.9443670286184788
268,0.7058823529411766,0.0271342287929324,0.0714285714285714,0.1052631578947369,0.0,0.2777777777777778,0.0,0.0,0.0,0.0,0.0,0.0,0.0,0.0,0.0,0.0,0.0,0.0,1.0,1.0,0.0,0.0,1.0,0.0,0.0,0.0,0.0,1.0,0.0,0.0,0,1.330983297580559,-0.20878774595748661
269,0.3529411764705883,0.6756513116379698,0.5,0.736842105263158,1.0,0.2407407407407407,0.3333333333333333,0.0,1.0,0.0,0.0,0.0,0.0,0.0,0.0,0.0,0.0,0.0,0.0,1.0,0.0,0.0,0.0,0.0,0.0,1.0,0.0,0.0,1.0,0.0,3,0.16515119850550955,1.285517288605761
270,0.4705882352941177,0.3510321824574056,0.2857142857142857,0.5789473684210522,0.0,0.1481481481481481,0.0,0.0,0.0,0.0,1.0,0.0,0.0,0.0,0.0,0.0,0.0,0.0,0.0,0.0,1.0,0.0,0.0,1.0,0.0,0.0,0.0,0.0,0.0,1.0,2,-0.9423320336597163,-1.1240816678344105
271,1.0,0.0810871720905074,0.2142857142857142,0.1578947368421051,1.0,0.5740740740740741,0.6666666666666666,0.0,0.0,0.0,0.0,0.0,1.0,0.0,0.0,0.0,0.0,0.0,0.0,1.0,0.0,1.0,0.0,0.0,0.0,0.0,0.0,1.0,0.0,0.0,4,1.5922729022349673,-0.07474574993489239
272,0.2352941176470588,0.9462724240512034,0.9285714285714284,0.9473684210526314,0.0,0.0555555555555555,0.3333333333333333,0.0,0.0,0.0,0.0,0.0,0.0,1.0,0.0,0.0,0.0,0.0,0.0,0.0,1.0,0.0,0.0,0.0,0.0,0.0,1.0,0.0,1.0,0.0,1,-1.3938889343033731,1.0084748358846451
273,0.0588235294117647,0.2610655368250247,0.4285714285714285,0.5263157894736841,1.0,0.8148148148148148,0.6666666666666666,0.0,0.0,0.0,0.0,0.0,0.0,0.0,0.0,1.0,0.0,0.0,0.0,0.0,1.0,0.0,0.0,0.0,1.0,0.0,0.0,0.0,0.0,1.0,5,-0.6793733420046016,-0.9320932760076731
274,0.6470588235294117,0.0180293879022807,0.0,0.2105263157894736,0.0,0.2592592592592593,0.0,0.0,0.0,0.0,0.0,0.0,0.0,0.0,0.0,0.0,0.0,0.0,1.0,1.0,0.0,0.0,1.0,0.0,0.0,0.0,0.0,1.0,0.0,0.0,0,1.3100359195077667,-0.20176871347569916
275,0.2941176470588236,0.6578923645542233,0.5714285714285714,0.7894736842105261,1.0,0.3333333333333333,0.3333333333333333,0.0,1.0,0.0,0.0,0.0,0.0,0.0,0.0,0.0,0.0,0.0,0.0,1.0,0.0,0.0,0.0,0.0,0.0,1.0,0.0,0.0,1.0,0.0,3,0.14014903161528444,1.3011761981623096
276,0.5294117647058822,0.369692598936266,0.3571428571428571,0.6842105263157894,0.0,0.0555555555555555,0.0,0.0,0.0,0.0,1.0,0.0,0.0,0.0,0.0,0.0,0.0,0.0,0.0,0.0,1.0,0.0,0.0,1.0,0.0,0.0,0.0,0.0,0.0,1.0,2,-0.9797503951951306,-1.0822626601957266
277,0.8823529411764706,0.0626070494906697,0.1428571428571428,0.3157894736842104,1.0,0.5370370370370371,0.6666666666666666,0.0,0.0,0.0,0.0,0.0,1.0,0.0,0.0,0.0,0.0,0.0,0.0,1.0,0.0,1.0,0.0,0.0,0.0,0.0,0.0,1.0,0.0,0.0,4,1.5481704799617948,-0.055078437623808874
278,0.1176470588235294,0.9729559181465788,1.0,1.0,0.0,0.0,0.3333333333333333,0.0,0.0,0.0,0.0,0.0,0.0,1.0,0.0,0.0,0.0,0.0,0.0,0.0,1.0,0.0,0.0,0.0,0.0,0.0,1.0,0.0,1.0,0.0,1,-1.4537543404214746,1.0523039220610915
279,0.3529411764705883,0.2429460019832325,0.2142857142857142,0.4210526315789471,1.0,0.4259259259259259,0.6666666666666666,0.0,0.0,0.0,0.0,0.0,0.0,0.0,0.0,0.0,1.0,0.0,0.0,0.0,1.0,0.0,0.0,0.0,1.0,0.0,0.0,0.0,0.0,1.0,5,-0.5669272726540081,-0.9572030584647369
280,0.5882352941176472,0.0538177228883079,0.0714285714285714,0.0,0.0,0.1666666666666666,0.0,0.0,0.0,0.0,0.0,0.0,0.0,0.0,0.0,0.0,0.0,0.0,1.0,1.0,0.0,0.0,1.0,0.0,0.0,0.0,0.0,1.0,0.0,0.0,0,1.314449335300069,-0.20245032482100755
281,0.2352941176470588,0.6941314342378077,0.6428571428571428,0.8947368421052628,1.0,0.1851851851851852,0.3333333333333333,1.0,0.0,0.0,0.0,0.0,0.0,0.0,0.0,0.0,0.0,0.0,0.0,1.0,0.0,0.0,0.0,0.0,0.0,1.0,0.0,0.0,1.0,0.0,3,0.06553616687165485,1.3214372339391796
282,0.4705882352941177,0.3420174885062652,0.2857142857142857,0.5263157894736841,0.0,0.1111111111111111,0.0,0.0,0.0,0.0,1.0,0.0,0.0,0.0,0.0,0.0,0.0,0.0,0.0,0.0,1.0,0.0,0.0,1.0,0.0,0.0,0.0,0.0,0.0,1.0,2,-0.9322845103413222,-1.1322140929015514
283,1.0,0.0855945190660776,0.2142857142857142,0.1578947368421051,1.0,0.5555555555555556,0.6666666666666666,0.0,0.0,0.0,0.0,0.0,1.0,0.0,0.0,0.0,0.0,0.0,0.0,1.0,0.0,1.0,0.0,0.0,0.0,0.0,0.0,1.0,0.0,0.0,4,1.5896233032015334,-0.0720024097282308
284,0.2352941176470588,0.9552871180023438,0.9285714285714284,0.9473684210526314,0.0,0.074074074074074,0.3333333333333333,0.0,0.0,0.0,0.0,0.0,0.0,1.0,0.0,0.0,0.0,0.0,0.0,0.0,1.0,0.0,0.0,0.0,0.0,0.0,1.0,0.0,1.0,0.0,1,-1.3940942759339399,1.0090662677667197
285,0.0588235294117647,0.270080230776165,0.4285714285714285,0.5789473684210522,1.0,0.8333333333333334,0.6666666666666666,0.0,0.0,0.0,0.0,0.0,0.0,0.0,0.0,1.0,0.0,0.0,0.0,0.0,1.0,0.0,0.0,0.0,1.0,0.0,0.0,0.0,0.0,1.0,5,-0.6911188174684291,-0.9223291014301149
286,0.6470588235294117,0.0180293879022807,0.0,0.2105263157894736,0.0,0.2592592592592593,0.0,0.0,0.0,0.0,0.0,0.0,0.0,0.0,0.0,0.0,0.0,0.0,1.0,1.0,0.0,0.0,1.0,0.0,0.0,0.0,0.0,1.0,0.0,0.0,0,1.3100359195077667,-0.20176871347569916
287,0.2941176470588236,0.6488776706030829,0.5714285714285714,0.7894736842105261,1.0,0.3148148148148147,0.3333333333333333,0.0,1.0,0.0,0.0,0.0,0.0,0.0,0.0,0.0,0.0,0.0,0.0,1.0,0.0,0.0,0.0,0.0,0.0,1.0,0.0,0.0,1.0,0.0,3,0.14035437324585082,1.3005847662802348
288,0.5294117647058822,0.369692598936266,0.3571428571428571,0.6842105263157894,0.0,0.074074074074074,0.0,0.0,0.0,0.0,1.0,0.0,0.0,0.0,0.0,0.0,0.0,0.0,0.0,0.0,1.0,0.0,0.0,1.0,0.0,0.0,0.0,0.0,0.0,1.0,2,-0.9780524430496971,-1.083894409706143
289,0.8823529411764706,0.0671143964662399,0.1428571428571428,0.3157894736842104,1.0,0.5555555555555556,0.6666666666666666,0.0,0.0,0.0,0.0,0.0,1.0,0.0,0.0,0.0,0.0,0.0,0.0,1.0,0.0,1.0,0.0,0.0,0.0,0.0,0.0,1.0,0.0,0.0,4,1.5489167852192287,-0.0555985964379796
290,0.1176470588235294,0.9819706120977192,1.0,1.0,0.0,0.0185185185185185,0.3333333333333333,0.0,0.0,0.0,0.0,0.0,0.0,1.0,0.0,0.0,0.0,0.0,0.0,0.0,1.0,0.0,0.0,0.0,0.0,0.0,1.0,0.0,1.0,0.0,1,-1.4539596820520404,1.052895353943166
291,0.3529411764705883,0.2339313080320922,0.2142857142857142,0.4210526315789471,1.0,0.4444444444444444,0.6666666666666666,0.0,0.0,0.0,0.0,0.0,0.0,0.0,0.0,0.0,1.0,0.0,0.0,0.0,1.0,0.0,0.0,0.0,1.0,0.0,0.0,0.0,0.0,1.0,5,-0.5633260267325743,-0.9610579893676439
292,0.5882352941176472,0.0448030289371675,0.0714285714285714,0.0526315789473683,0.0,0.1851851851851852,0.0,0.0,0.0,0.0,0.0,0.0,0.0,0.0,0.0,0.0,0.0,0.0,1.0,1.0,0.0,0.0,1.0,0.0,0.0,0.0,0.0,1.0,0.0,0.0,0,1.3065104473882416,-0.19713251302843166
293,0.2352941176470588,0.7031461281889478,0.6428571428571428,0.7894736842105261,1.0,0.2037037037037037,0.3333333333333333,1.0,0.0,0.0,0.0,0.0,0.0,0.0,0.0,0.0,0.0,0.0,0.0,1.0,0.0,0.0,0.0,0.0,0.0,1.0,0.0,0.0,1.0,0.0,3,0.08841109290761079,1.3036831804302875
294,0.411764705882353,0.3785720724781394,0.4285714285714285,0.6315789473684208,0.0,0.0925925925925925,0.3333333333333333,0.0,0.0,0.0,1.0,0.0,0.0,0.0,0.0,0.0,0.0,0.0,0.0,0.0,1.0,0.0,0.0,1.0,0.0,0.0,0.0,0.0,0.0,1.0,2,-0.9952697306481656,-1.0658470690647848
295,0.9411764705882356,0.0988010457044982,0.1428571428571428,0.263157894736842,1.0,0.5185185185185185,0.6666666666666666,0.0,0.0,0.0,0.0,0.0,1.0,0.0,0.0,0.0,0.0,0.0,0.0,1.0,0.0,1.0,0.0,0.0,0.0,0.0,0.0,1.0,0.0,0.0,4,1.5622673208877056,-0.05784925378961244
296,0.1764705882352941,0.864869737672406,0.7857142857142856,0.8947368421052628,0.0,0.0185185185185185,0.3333333333333333,0.0,0.0,0.0,0.0,0.0,0.0,1.0,0.0,0.0,0.0,0.0,0.0,0.0,1.0,0.0,0.0,0.0,0.0,0.0,1.0,0.0,1.0,0.0,1,-1.3528445481641662,0.9569087895378561
297,0.0,0.2522311367529072,0.3571428571428571,0.4736842105263155,1.0,0.7037037037037037,0.6666666666666666,0.0,0.0,0.0,0.0,0.0,0.0,0.0,0.0,1.0,0.0,0.0,0.0,0.0,1.0,0.0,0.0,0.0,1.0,0.0,0.0,0.0,0.0,1.0,5,-0.674247178118059,-0.9443670286184788
298,0.7058823529411766,0.0271342287929324,0.0714285714285714,0.1052631578947369,0.0,0.2777777777777778,0.0,0.0,0.0,0.0,0.0,0.0,0.0,0.0,0.0,0.0,0.0,0.0,1.0,1.0,0.0,0.0,1.0,0.0,0.0,0.0,0.0,1.0,0.0,0.0,0,1.330983297580559,-0.20878774595748661
299,0.3529411764705883,0.6756513116379698,0.5,0.736842105263158,1.0,0.2407407407407407,0.3333333333333333,0.0,1.0,0.0,0.0,0.0,0.0,0.0,0.0,0.0,0.0,0.0,0.0,1.0,0.0,0.0,0.0,0.0,0.0,1.0,0.0,0.0,1.0,0.0,3,0.16515119850550955,1.285517288605761
300,0.4705882352941177,0.3510321824574056,0.2857142857142857,0.5789473684210522,0.0,0.1481481481481481,0.0,0.0,0.0,0.0,1.0,0.0,0.0,0.0,0.0,0.0,0.0,0.0,0.0,0.0,1.0,0.0,0.0,1.0,0.0,0.0,0.0,0.0,0.0,1.0,2,-0.9423320336597163,-1.1240816678344105
301,0.5882352941176472,0.910484089065176,0.857142857142857,0.8421052631578942,0.0,0.037037037037037,0.3333333333333333,0.0,0.0,0.0,0.0,0.0,0.0,0.0,1.0,0.0,0.0,0.0,0.0,0.0,1.0,0.0,0.0,0.0,0.0,0.0,1.0,0.0,1.0,0.0,1,-1.0986969756728469,0.7419797096225464
302,0.1764705882352941,0.2881096186784458,0.5,0.5263157894736841,1.0,0.7592592592592592,0.6666666666666666,0.0,0.0,0.0,0.0,0.0,0.0,0.0,0.0,1.0,0.0,0.0,0.0,1.0,0.0,0.0,0.0,0.0,1.0,0.0,0.0,0.0,0.0,1.0,5,0.11854870340012505,-0.4971850013498638
303,0.5294117647058822,0.0358784819255386,0.0,0.1578947368421051,0.0,0.2222222222222221,0.0,0.0,0.0,0.0,0.0,0.0,0.0,0.0,0.0,0.0,0.0,0.0,1.0,1.0,0.0,0.0,1.0,0.0,0.0,0.0,0.0,1.0,0.0,0.0,0,1.2906188598762298,-0.19496426545004358
304,0.2941176470588236,0.7209952222122059,0.7142857142857142,0.9473684210526314,1.0,0.1666666666666666,0.3333333333333333,0.0,1.0,0.0,0.0,0.0,0.0,0.0,0.0,0.0,0.0,0.0,0.0,0.0,1.0,0.0,0.0,0.0,0.0,1.0,0.0,0.0,1.0,0.0,3,-0.7494237076193665,0.9718932235519796
305,0.0588235294117647,0.3336338231317046,0.2857142857142857,0.6315789473684208,0.0,0.1296296296296296,0.0,0.0,0.0,1.0,0.0,0.0,0.0,0.0,0.0,0.0,0.0,0.0,0.0,0.0,1.0,0.0,0.0,1.0,0.0,0.0,0.0,0.0,0.0,1.0,2,-0.9099433354956155,-0.8661684766350318
306,0.9411764705882356,0.0761290904173803,0.2142857142857142,0.263157894736842,1.0,0.4814814814814815,0.6666666666666666,0.0,0.0,0.0,0.0,0.0,1.0,0.0,0.0,0.0,0.0,0.0,0.0,1.0,0.0,1.0,0.0,0.0,0.0,0.0,0.0,1.0,0.0,0.0,4,1.5498533016693516,-0.04530837048612711
307,0.1764705882352941,0.8828991255746869,0.7857142857142856,0.8947368421052628,0.0,0.0,0.3333333333333333,0.0,0.0,0.0,0.0,0.0,0.0,1.0,0.0,0.0,0.0,0.0,0.0,0.0,1.0,0.0,0.0,0.0,0.0,0.0,1.0,0.0,1.0,0.0,1,-1.3583490878616005,0.9629869018332542
308,0.0,0.2342017488506265,0.3571428571428571,0.4736842105263155,1.0,0.6851851851851852,0.6666666666666666,0.0,0.0,0.0,0.0,0.0,0.0,0.0,0.0,1.0,0.0,0.0,0.0,0.0,1.0,0.0,0.0,0.0,1.0,0.0,0.0,0.0,0.0,1.0,5,-0.6721385427114924,-0.9471816418930442
309,0.7058823529411766,0.0451636166952131,0.0714285714285714,0.1052631578947369,0.0,0.2962962962962963,0.0,0.0,0.0,0.0,0.0,0.0,0.0,0.0,0.0,0.0,0.0,0.0,1.0,1.0,0.0,0.0,1.0,0.0,0.0,0.0,0.0,1.0,0.0,0.0,0,1.3288746621739922,-0.2059731326829211
310,0.3529411764705883,0.6846660055891102,0.5,0.7894736842105261,1.0,0.2222222222222221,0.3333333333333333,0.0,1.0,0.0,0.0,0.0,0.0,0.0,0.0,0.0,0.0,0.0,0.0,1.0,0.0,0.0,0.0,0.0,0.0,1.0,0.0,0.0,1.0,0.0,3,0.15000981875081468,1.298544962204151
311,0.4705882352941177,0.3600468764085459,0.2857142857142857,0.5263157894736841,0.0,0.0925925925925925,0.0,0.0,0.0,0.0,1.0,0.0,0.0,0.0,0.0,0.0,0.0,0.0,0.0,0.0,1.0,0.0,0.0,1.0,0.0,0.0,0.0,0.0,0.0,1.0,2,-0.9377890500387567,-1.1261359806061535
312,1.0,0.094609213017218,0.1428571428571428,0.1578947368421051,1.0,0.5370370370370371,0.6666666666666666,0.0,0.0,0.0,0.0,0.0,1.0,0.0,0.0,0.0,0.0,0.0,0.0,1.0,0.0,1.0,0.0,0.0,0.0,0.0,0.0,1.0,0.0,0.0,4,1.599826956054227,-0.08301616431009062
313,0.2352941176470588,0.9372577301000632,0.9285714285714284,0.9473684210526314,0.0,0.0555555555555555,0.3333333333333333,0.0,0.0,0.0,0.0,0.0,0.0,1.0,0.0,0.0,0.0,0.0,0.0,0.0,1.0,0.0,0.0,0.0,0.0,0.0,1.0,0.0,1.0,0.0,1,-1.3919856405273732,1.0062516544921547
314,0.0588235294117647,0.2520508428738843,0.4285714285714285,0.5789473684210522,1.0,0.7962962962962963,0.6666666666666666,0.0,0.0,0.0,0.0,0.0,0.0,0.0,0.0,1.0,0.0,0.0,0.0,0.0,1.0,0.0,0.0,0.0,1.0,0.0,0.0,0.0,0.0,1.0,5,-0.690708134207296,-0.9235119651942643
315,0.6470588235294117,0.0090146939511403,0.0,0.2105263157894736,0.0,0.2777777777777778,0.0,0.0,0.0,0.0,0.0,0.0,0.0,0.0,0.0,0.0,0.0,0.0,1.0,1.0,0.0,0.0,1.0,0.0,0.0,0.0,0.0,1.0,0.0,0.0,0,1.3136371654291998,-0.20562364437860628
316,0.2941176470588236,0.6488776706030829,0.5714285714285714,0.7894736842105261,1.0,0.3148148148148147,0.3333333333333333,0.0,1.0,0.0,0.0,0.0,0.0,0.0,0.0,0.0,0.0,0.0,0.0,1.0,0.0,0.0,0.0,0.0,0.0,1.0,0.0,0.0,1.0,0.0,3,0.14035437324585082,1.3005847662802348
317,0.5294117647058822,0.369692598936266,0.3571428571428571,0.6842105263157894,0.0,0.074074074074074,0.0,0.0,0.0,0.0,1.0,0.0,0.0,0.0,0.0,0.0,0.0,0.0,0.0,0.0,1.0,0.0,0.0,1.0,0.0,0.0,0.0,0.0,0.0,1.0,2,-0.9780524430496971,-1.083894409706143
318,0.8823529411764706,0.0626070494906697,0.1428571428571428,0.3157894736842104,1.0,0.5555555555555556,0.6666666666666666,0.0,0.0,0.0,0.0,0.0,1.0,0.0,0.0,0.0,0.0,0.0,0.0,1.0,0.0,1.0,0.0,0.0,0.0,0.0,0.0,1.0,0.0,0.0,4,1.5498684321072282,-0.05671018713422491
319,0.1176470588235294,0.9729559181465788,1.0,1.0,0.0,0.0,0.3333333333333333,0.0,0.0,0.0,0.0,0.0,0.0,1.0,0.0,0.0,0.0,0.0,0.0,0.0,1.0,0.0,0.0,0.0,0.0,0.0,1.0,0.0,1.0,0.0,1,-1.4537543404214746,1.0523039220610915
320,0.3529411764705883,0.2429460019832325,0.2142857142857142,0.4210526315789471,1.0,0.4259259259259259,0.6666666666666666,0.0,0.0,0.0,0.0,0.0,0.0,0.0,0.0,0.0,1.0,0.0,0.0,0.0,1.0,0.0,0.0,0.0,1.0,0.0,0.0,0.0,0.0,1.0,5,-0.5669272726540081,-0.9572030584647369
321,0.5882352941176472,0.0538177228883079,0.0714285714285714,0.0,0.0,0.1666666666666666,0.0,0.0,0.0,0.0,0.0,0.0,0.0,0.0,0.0,0.0,0.0,0.0,1.0,1.0,0.0,0.0,1.0,0.0,0.0,0.0,0.0,1.0,0.0,0.0,0,1.314449335300069,-0.20245032482100755
322,0.2352941176470588,0.6941314342378077,0.6428571428571428,0.8947368421052628,1.0,0.1851851851851852,0.3333333333333333,1.0,0.0,0.0,0.0,0.0,0.0,0.0,0.0,0.0,0.0,0.0,0.0,1.0,0.0,0.0,0.0,0.0,0.0,1.0,0.0,0.0,1.0,0.0,3,0.06553616687165485,1.3214372339391796
323,0.4705882352941177,0.3420174885062652,0.2857142857142857,0.5263157894736841,0.0,0.1111111111111111,0.0,0.0,0.0,0.0,1.0,0.0,0.0,0.0,0.0,0.0,0.0,0.0,0.0,0.0,1.0,0.0,0.0,1.0,0.0,0.0,0.0,0.0,0.0,1.0,2,-0.9322845103413222,-1.1322140929015514
324,1.0,0.0855945190660776,0.2142857142857142,0.1578947368421051,1.0,0.5555555555555556,0.6666666666666666,0.0,0.0,0.0,0.0,0.0,1.0,0.0,0.0,0.0,0.0,0.0,0.0,1.0,0.0,1.0,0.0,0.0,0.0,0.0,0.0,1.0,0.0,0.0,4,1.5896233032015334,-0.0720024097282308
325,0.2352941176470588,0.9552871180023438,0.9285714285714284,0.9473684210526314,0.0,0.074074074074074,0.3333333333333333,0.0,0.0,0.0,0.0,0.0,0.0,1.0,0.0,0.0,0.0,0.0,0.0,0.0,1.0,0.0,0.0,0.0,0.0,0.0,1.0,0.0,1.0,0.0,1,-1.3940942759339399,1.0090662677667197
326,0.0588235294117647,0.270080230776165,0.4285714285714285,0.5789473684210522,1.0,0.8333333333333334,0.6666666666666666,0.0,0.0,0.0,0.0,0.0,0.0,0.0,0.0,1.0,0.0,0.0,0.0,0.0,1.0,0.0,0.0,0.0,1.0,0.0,0.0,0.0,0.0,1.0,5,-0.6911188174684291,-0.9223291014301149
327,0.6470588235294117,0.0180293879022807,0.0,0.2105263157894736,0.0,0.2592592592592593,0.0,0.0,0.0,0.0,0.0,0.0,0.0,0.0,0.0,0.0,0.0,0.0,1.0,1.0,0.0,0.0,1.0,0.0,0.0,0.0,0.0,1.0,0.0,0.0,0,1.3100359195077667,-0.20176871347569916
328,0.2941176470588236,0.6578923645542233,0.5714285714285714,0.7894736842105261,1.0,0.3333333333333333,0.3333333333333333,0.0,1.0,0.0,0.0,0.0,0.0,0.0,0.0,0.0,0.0,0.0,0.0,1.0,0.0,0.0,0.0,0.0,0.0,1.0,0.0,0.0,1.0,0.0,3,0.14014903161528444,1.3011761981623096
329,0.5294117647058822,0.369692598936266,0.3571428571428571,0.6842105263157894,0.0,0.074074074074074,0.0,0.0,0.0,0.0,1.0,0.0,0.0,0.0,0.0,0.0,0.0,0.0,0.0,0.0,1.0,0.0,0.0,1.0,0.0,0.0,0.0,0.0,0.0,1.0,2,-0.9780524430496971,-1.083894409706143
330,0.8823529411764706,0.0671143964662399,0.1428571428571428,0.3157894736842104,1.0,0.5555555555555556,0.6666666666666666,0.0,0.0,0.0,0.0,0.0,1.0,0.0,0.0,0.0,0.0,0.0,0.0,1.0,0.0,1.0,0.0,0.0,0.0,0.0,0.0,1.0,0.0,0.0,4,1.5489167852192287,-0.0555985964379796
331,0.1176470588235294,0.9819706120977192,1.0,1.0,0.0,0.0185185185185185,0.3333333333333333,0.0,0.0,0.0,0.0,0.0,0.0,1.0,0.0,0.0,0.0,0.0,0.0,0.0,1.0,0.0,0.0,0.0,0.0,0.0,1.0,0.0,1.0,0.0,1,-1.4539596820520404,1.052895353943166
332,0.3529411764705883,0.2339313080320922,0.2142857142857142,0.4210526315789471,1.0,0.4444444444444444,0.6666666666666666,0.0,0.0,0.0,0.0,0.0,0.0,0.0,0.0,0.0,1.0,0.0,0.0,0.0,1.0,0.0,0.0,0.0,1.0,0.0,0.0,0.0,0.0,1.0,5,-0.5633260267325743,-0.9610579893676439
333,0.5882352941176472,0.0448030289371675,0.0714285714285714,0.0526315789473683,0.0,0.1851851851851852,0.0,0.0,0.0,0.0,0.0,0.0,0.0,0.0,0.0,0.0,0.0,0.0,1.0,1.0,0.0,0.0,1.0,0.0,0.0,0.0,0.0,1.0,0.0,0.0,0,1.3065104473882416,-0.19713251302843166
334,0.2352941176470588,0.7031461281889478,0.6428571428571428,0.7894736842105261,1.0,0.2037037037037037,0.3333333333333333,1.0,0.0,0.0,0.0,0.0,0.0,0.0,0.0,0.0,0.0,0.0,0.0,1.0,0.0,0.0,0.0,0.0,0.0,1.0,0.0,0.0,1.0,0.0,3,0.08841109290761079,1.3036831804302875
335,0.411764705882353,0.3785720724781394,0.4285714285714285,0.6315789473684208,0.0,0.0925925925925925,0.3333333333333333,0.0,0.0,0.0,1.0,0.0,0.0,0.0,0.0,0.0,0.0,0.0,0.0,0.0,1.0,0.0,0.0,1.0,0.0,0.0,0.0,0.0,0.0,1.0,2,-0.9952697306481656,-1.0658470690647848
336,0.9411764705882356,0.0988010457044982,0.1428571428571428,0.263157894736842,1.0,0.5185185185185185,0.6666666666666666,0.0,0.0,0.0,0.0,0.0,1.0,0.0,0.0,0.0,0.0,0.0,0.0,1.0,0.0,1.0,0.0,0.0,0.0,0.0,0.0,1.0,0.0,0.0,4,1.5622673208877056,-0.05784925378961244
337,0.1764705882352941,0.864869737672406,0.7857142857142856,0.8947368421052628,0.0,0.0185185185185185,0.3333333333333333,0.0,0.0,0.0,0.0,0.0,0.0,1.0,0.0,0.0,0.0,0.0,0.0,0.0,1.0,0.0,0.0,0.0,0.0,0.0,1.0,0.0,1.0,0.0,1,-1.3528445481641662,0.9569087895378561
338,0.0,0.2522311367529072,0.3571428571428571,0.4736842105263155,1.0,0.7037037037037037,0.6666666666666666,0.0,0.0,0.0,0.0,0.0,0.0,0.0,0.0,1.0,0.0,0.0,0.0,0.0,1.0,0.0,0.0,0.0,1.0,0.0,0.0,0.0,0.0,1.0,5,-0.674247178118059,-0.9443670286184788
339,0.7058823529411766,0.0271342287929324,0.0714285714285714,0.1052631578947369,0.0,0.2777777777777778,0.0,0.0,0.0,0.0,0.0,0.0,0.0,0.0,0.0,0.0,0.0,0.0,1.0,1.0,0.0,0.0,1.0,0.0,0.0,0.0,0.0,1.0,0.0,0.0,0,1.330983297580559,-0.20878774595748661
340,0.3529411764705883,0.6756513116379698,0.5,0.736842105263158,1.0,0.2407407407407407,0.3333333333333333,0.0,1.0,0.0,0.0,0.0,0.0,0.0,0.0,0.0,0.0,0.0,0.0,1.0,0.0,0.0,0.0,0.0,0.0,1.0,0.0,0.0,1.0,0.0,3,0.16515119850550955,1.285517288605761
341,0.4705882352941177,0.3510321824574056,0.2857142857142857,0.5789473684210522,0.0,0.1481481481481481,0.0,0.0,0.0,0.0,1.0,0.0,0.0,0.0,0.0,0.0,0.0,0.0,0.0,0.0,1.0,0.0,0.0,1.0,0.0,0.0,0.0,0.0,0.0,1.0,2,-0.9423320336597163,-1.1240816678344105
342,1.0,0.1036239069683583,0.1428571428571428,0.1578947368421051,1.0,0.5740740740740741,0.6666666666666666,0.0,0.0,0.0,0.0,0.0,1.0,0.0,0.0,0.0,0.0,0.0,0.0,1.0,0.0,1.0,0.0,0.0,0.0,0.0,0.0,1.0,0.0,0.0,4,1.6013195665690938,-0.08405648193843236
343,0.2352941176470588,0.9462724240512034,0.9285714285714284,0.9473684210526314,0.0,0.037037037037037,0.3333333333333333,0.0,0.0,0.0,0.0,0.0,0.0,1.0,0.0,0.0,0.0,0.0,0.0,0.0,1.0,0.0,0.0,0.0,0.0,0.0,1.0,0.0,1.0,0.0,1,-1.395586886448807,1.0101065853950617
344,0.0588235294117647,0.2790949247273054,0.4285714285714285,0.5263157894736841,1.0,0.8518518518518517,0.6666666666666666,0.0,0.0,0.0,0.0,0.0,0.0,0.0,0.0,1.0,0.0,0.0,0.0,0.0,1.0,0.0,0.0,0.0,1.0,0.0,0.0,0.0,0.0,1.0,5,-0.6797840252657344,-0.9309104122435243
345,0.6470588235294117,0.027044081853421,0.0,0.1052631578947369,0.0,0.2962962962962963,0.0,0.0,0.0,0.0,0.0,0.0,0.0,0.0,0.0,0.0,0.0,0.0,1.0,1.0,0.0,0.0,1.0,0.0,0.0,0.0,0.0,1.0,0.0,0.0,0,1.3346087976891563,-0.22115451649500717
346,0.2941176470588236,0.6669070585053637,0.5714285714285714,0.7894736842105261,1.0,0.3518518518518518,0.3333333333333333,0.0,1.0,0.0,0.0,0.0,0.0,0.0,0.0,0.0,0.0,0.0,0.0,1.0,0.0,0.0,0.0,0.0,0.0,1.0,0.0,0.0,1.0,0.0,3,0.13994368998471776,1.3017676300443841
347,0.5294117647058822,0.3787072928874064,0.3571428571428571,0.6842105263157894,0.0,0.0925925925925925,0.0,0.0,0.0,0.0,1.0,0.0,0.0,0.0,0.0,0.0,0.0,0.0,0.0,0.0,1.0,0.0,0.0,1.0,0.0,0.0,0.0,0.0,0.0,1.0,2,-0.9782577846802634,-1.0833029778240684
348,0.8823529411764706,0.0716217434418101,0.1428571428571428,0.3157894736842104,1.0,0.5740740740740741,0.6666666666666666,0.0,0.0,0.0,0.0,0.0,1.0,0.0,0.0,0.0,0.0,0.0,0.0,1.0,0.0,1.0,0.0,0.0,0.0,0.0,0.0,1.0,0.0,0.0,4,1.549663090476661,-0.05611875525215063
349,0.1176470588235294,0.9639412241954384,1.0,1.0,0.0,0.0185185185185185,0.3333333333333333,0.0,0.0,0.0,0.0,0.0,0.0,1.0,0.0,0.0,0.0,0.0,0.0,0.0,1.0,0.0,0.0,0.0,0.0,0.0,1.0,0.0,1.0,0.0,1,-1.450153094500041,1.0484489911581842
350,0.3529411764705883,0.251960695934373,0.2142857142857142,0.4210526315789471,1.0,0.4629629629629629,0.6666666666666666,0.0,0.0,0.0,0.0,0.0,0.0,0.0,0.0,0.0,1.0,0.0,0.0,0.0,1.0,0.0,0.0,0.0,1.0,0.0,0.0,0.0,0.0,1.0,5,-0.5654346621391411,-0.9582433760930781
351,0.5882352941176472,0.0628324168394482,0.0714285714285714,0.0526315789473683,0.0,0.2037037037037037,0.0,0.0,0.0,0.0,0.0,0.0,0.0,0.0,0.0,0.0,0.0,0.0,1.0,1.0,0.0,0.0,1.0,0.0,0.0,0.0,0.0,1.0,0.0,0.0,0,1.3044018119816752,-0.19431789975386637
352,0.2352941176470588,0.6851167402866672,0.6428571428571428,0.8947368421052628,1.0,0.2222222222222221,0.3333333333333333,1.0,0.0,0.0,0.0,0.0,0.0,0.0,0.0,0.0,0.0,0.0,0.0,1.0,0.0,0.0,0.0,0.0,0.0,1.0,0.0,0.0,1.0,0.0,3,0.07083536493852229,1.3159505535258562
353,0.4705882352941177,0.3420174885062652,0.2857142857142857,0.5263157894736841,0.0,0.1111111111111111,0.0,0.0,0.0,0.0,1.0,0.0,0.0,0.0,0.0,0.0,0.0,0.0,0.0,0.0,1.0,0.0,0.0,1.0,0.0,0.0,0.0,0.0,0.0,1.0,2,-0.9322845103413222,-1.1322140929015514
354,1.0,0.0901018660416478,0.2142857142857142,0.1578947368421051,1.0,0.5925925925925926,0.6666666666666666,0.0,0.0,0.0,0.0,0.0,1.0,0.0,0.0,0.0,0.0,0.0,0.0,1.0,0.0,1.0,0.0,0.0,0.0,0.0,0.0,1.0,0.0,0.0,4,1.5920675606044006,-0.07415431805281794
355,0.2352941176470588,0.9282430361489228,0.857142857142857,0.8421052631578942,0.0,0.0555555555555555,0.3333333333333333,0.0,0.0,0.0,0.0,0.0,0.0,1.0,0.0,0.0,0.0,0.0,0.0,0.0,1.0,0.0,0.0,0.0,0.0,0.0,1.0,0.0,1.0,0.0,1,-1.3531971803107226,0.9708143022239307
356,0.0588235294117647,0.2610655368250247,0.4285714285714285,0.5789473684210522,1.0,0.8703703703703703,0.6666666666666666,0.0,0.0,0.0,0.0,0.0,0.0,0.0,0.0,1.0,0.0,0.0,0.0,0.0,1.0,0.0,0.0,0.0,1.0,0.0,0.0,0.0,0.0,1.0,5,-0.6858196194015614,-0.9278157818434389
357,0.6470588235294117,0.0,0.0,0.2105263157894736,0.0,0.3148148148148147,0.0,0.0,0.0,0.0,0.0,0.0,0.0,0.0,0.0,0.0,0.0,0.0,1.0,1.0,0.0,0.0,1.0,0.0,0.0,0.0,0.0,1.0,0.0,0.0,0,1.318936363496068,-0.21111032479192965
358,0.2941176470588236,0.6759217524565041,0.5714285714285714,0.7894736842105261,1.0,0.3703703703703703,0.3333333333333333,0.0,1.0,0.0,0.0,0.0,0.0,0.0,0.0,0.0,0.0,0.0,0.0,1.0,0.0,0.0,0.0,0.0,0.0,1.0,0.0,0.0,1.0,0.0,3,0.13973834835415105,1.3023590619264585
359,0.5294117647058822,0.3606779049851257,0.3571428571428571,0.6842105263157894,0.0,0.0925925925925925,0.0,0.0,0.0,0.0,1.0,0.0,0.0,0.0,0.0,0.0,0.0,0.0,0.0,0.0,1.0,0.0,0.0,1.0,0.0,0.0,0.0,0.0,0.0,1.0,2,-0.9744511971282633,-1.08774934060905
360,0.8823529411764706,0.0761290904173803,0.1428571428571428,0.3157894736842104,1.0,0.5925925925925926,0.6666666666666666,0.0,0.0,0.0,0.0,0.0,1.0,0.0,0.0,0.0,0.0,0.0,0.0,1.0,0.0,1.0,0.0,0.0,0.0,0.0,0.0,1.0,0.0,0.0,4,1.5504093957340948,-0.05663891406632166
361,0.1176470588235294,0.9729559181465788,1.0,1.0,0.0,0.0185185185185185,0.3333333333333333,0.0,0.0,0.0,0.0,0.0,0.0,1.0,0.0,0.0,0.0,0.0,0.0,0.0,1.0,0.0,0.0,0.0,0.0,0.0,1.0,0.0,1.0,0.0,1,-1.45205638827604,1.0506721725506751
362,0.3529411764705883,0.2249166140809518,0.2142857142857142,0.4210526315789471,1.0,0.4814814814814815,0.6666666666666666,0.0,0.0,0.0,0.0,0.0,0.0,0.0,0.0,0.0,1.0,0.0,0.0,0.0,1.0,0.0,0.0,0.0,1.0,0.0,0.0,0.0,0.0,1.0,5,-0.558026828665707,-0.966544669780967
363,0.5882352941176472,0.0177589470837464,0.0714285714285714,0.0526315789473683,0.0,0.2222222222222221,0.0,0.0,0.0,0.0,0.0,0.0,0.0,0.0,0.0,0.0,0.0,0.0,1.0,1.0,0.0,0.0,1.0,0.0,0.0,0.0,0.0,1.0,0.0,0.0,0,1.3156162330071097,-0.20706555622673636
364,0.2352941176470588,0.7121608221400882,0.6428571428571428,0.8947368421052628,1.0,0.2407407407407407,0.3333333333333333,1.0,0.0,0.0,0.0,0.0,0.0,0.0,0.0,0.0,0.0,0.0,0.0,1.0,0.0,0.0,0.0,0.0,0.0,1.0,0.0,0.0,1.0,0.0,3,0.0668234357559555,1.3209883481929119
365,0.4705882352941177,0.3330027945551248,0.2857142857142857,0.5789473684210522,0.0,0.1296296296296296,0.0,0.0,0.0,0.0,1.0,0.0,0.0,0.0,0.0,0.0,0.0,0.0,0.0,0.0,1.0,0.0,0.0,1.0,0.0,0.0,0.0,0.0,0.0,1.0,2,-0.9402233982531497,-1.126896281108975
366,1.0,0.0855945190660776,0.2142857142857142,0.1578947368421051,1.0,0.611111111111111,0.6666666666666666,0.0,0.0,0.0,0.0,0.0,1.0,0.0,0.0,0.0,0.0,0.0,0.0,1.0,0.0,1.0,0.0,0.0,0.0,0.0,0.0,1.0,0.0,0.0,4,1.5947171596378338,-0.0768976582594797
367,0.2352941176470588,0.9462724240512034,0.9285714285714284,0.9473684210526314,0.0,0.074074074074074,0.3333333333333333,0.0,0.0,0.0,0.0,0.0,0.0,1.0,0.0,0.0,0.0,0.0,0.0,0.0,1.0,0.0,0.0,0.0,0.0,0.0,1.0,0.0,1.0,0.0,1,-1.39219098215794,1.0068430863742288
368,0.0588235294117647,0.270080230776165,0.4285714285714285,0.5789473684210522,1.0,0.888888888888889,0.6666666666666666,0.0,0.0,0.0,0.0,0.0,0.0,0.0,0.0,1.0,0.0,0.0,0.0,0.0,1.0,0.0,0.0,0.0,1.0,0.0,0.0,0.0,0.0,1.0,5,-0.6860249610321281,-0.9272243499613638
369,0.6470588235294117,0.0360587758045614,0.0,0.2105263157894736,0.0,0.2777777777777778,0.0,0.0,0.0,0.0,0.0,0.0,0.0,0.0,0.0,0.0,0.0,0.0,1.0,1.0,0.0,0.0,1.0,0.0,0.0,0.0,0.0,1.0,0.0,0.0,0,1.3079272841012,-0.19895410020113366
370,0.2941176470588236,0.6578923645542233,0.5714285714285714,0.7894736842105261,1.0,0.3888888888888889,0.3333333333333333,0.0,1.0,0.0,0.0,0.0,0.0,0.0,0.0,0.0,0.0,0.0,0.0,1.0,0.0,0.0,0.0,0.0,0.0,1.0,0.0,0.0,1.0,0.0,3,0.14524288805158547,1.296280949631061
371,0.5294117647058822,0.3516632110339853,0.3571428571428571,0.5789473684210522,0.0,0.1481481481481481,0.0,0.0,0.0,0.0,1.0,0.0,0.0,0.0,0.0,0.0,0.0,0.0,0.0,0.0,1.0,0.0,0.0,1.0,0.0,0.0,0.0,0.0,0.0,1.0,2,-0.9443737792494391,-1.1132132559237558
372,0.8823529411764706,0.0580997025150996,0.1428571428571428,0.3157894736842104,1.0,0.611111111111111,0.6666666666666666,0.0,0.0,0.0,0.0,0.0,1.0,0.0,0.0,0.0,0.0,0.0,0.0,1.0,0.0,1.0,0.0,0.0,0.0,0.0,0.0,1.0,0.0,0.0,4,1.5559139354315292,-0.06271702636171951
373,0.1176470588235294,0.9639412241954384,1.0,1.0,0.0,0.037037037037037,0.3333333333333333,0.0,0.0,0.0,0.0,0.0,0.0,1.0,0.0,0.0,0.0,0.0,0.0,0.0,1.0,0.0,0.0,0.0,0.0,0.0,1.0,0.0,1.0,0.0,1,-1.4484551423546062,1.0468172416477681
374,0.3529411764705883,0.2249166140809518,0.2142857142857142,0.4210526315789471,1.0,0.5,0.6666666666666666,0.0,0.0,0.0,0.0,0.0,0.0,0.0,0.0,0.0,1.0,0.0,0.0,0.0,1.0,0.0,0.0,0.0,1.0,0.0,0.0,0.0,0.0,1.0,5,-0.5563288765202731,-0.9681764192913835
375,0.5882352941176472,0.0538177228883079,0.0714285714285714,0.0,0.0,0.2407407407407407,0.0,0.0,0.0,0.0,0.0,0.0,0.0,0.0,0.0,0.0,0.0,0.0,1.0,1.0,0.0,0.0,1.0,0.0,0.0,0.0,0.0,1.0,0.0,0.0,0,1.3212411438818041,-0.2089773228626728
376,0.2352941176470588,0.7031461281889478,0.6428571428571428,0.7894736842105261,1.0,0.2592592592592593,0.3333333333333333,1.0,0.0,0.0,0.0,0.0,0.0,0.0,0.0,0.0,0.0,0.0,0.0,1.0,0.0,0.0,0.0,0.0,0.0,1.0,0.0,0.0,1.0,0.0,3,0.09350494934391178,1.298787931899039
377,0.411764705882353,0.3239881006039845,0.2857142857142857,0.6315789473684208,0.0,0.1666666666666666,0.0,0.0,0.0,0.0,1.0,0.0,0.0,0.0,0.0,0.0,0.0,0.0,0.0,0.0,1.0,0.0,0.0,1.0,0.0,0.0,0.0,0.0,0.0,1.0,2,-0.9583607177682681,-1.1190543225552285
378,1.0,0.094609213017218,0.2142857142857142,0.1578947368421051,1.0,0.6296296296296297,0.6666666666666666,0.0,0.0,0.0,0.0,0.0,1.0,0.0,0.0,0.0,0.0,0.0,0.0,1.0,0.0,1.0,0.0,0.0,0.0,0.0,0.0,1.0,0.0,0.0,4,1.5945118180072682,-0.07630622637740501
379,0.2352941176470588,0.9372577301000632,0.857142857142857,0.8421052631578942,0.0,0.0555555555555555,0.3333333333333333,0.0,0.0,0.0,0.0,0.0,0.0,1.0,0.0,0.0,0.0,0.0,0.0,0.0,1.0,0.0,0.0,0.0,0.0,0.0,1.0,0.0,1.0,0.0,1,-1.3551004740867223,0.973037483616421
380,0.0588235294117647,0.270080230776165,0.4285714285714285,0.5789473684210522,1.0,0.9074074074074072,0.6666666666666666,0.0,0.0,0.0,0.0,0.0,0.0,0.0,0.0,1.0,0.0,0.0,0.0,0.0,1.0,0.0,0.0,0.0,1.0,0.0,0.0,0.0,0.0,1.0,5,-0.6843270088866945,-0.9288560994717802
381,0.6470588235294117,0.0180293879022807,0.0,0.2105263157894736,0.0,0.3333333333333333,0.0,0.0,0.0,0.0,0.0,0.0,0.0,0.0,0.0,0.0,0.0,0.0,1.0,1.0,0.0,0.0,1.0,0.0,0.0,0.0,0.0,1.0,0.0,0.0,0,1.3168277280895009,-0.20829571151736437
382,0.2941176470588236,0.6759217524565041,0.5714285714285714,0.7894736842105261,1.0,0.4074074074074074,0.3333333333333333,0.0,1.0,0.0,0.0,0.0,0.0,0.0,0.0,0.0,0.0,0.0,0.0,1.0,0.0,0.0,0.0,0.0,0.0,1.0,0.0,0.0,1.0,0.0,3,0.14313425264501847,1.299095562905626
383,0.5294117647058822,0.369692598936266,0.3571428571428571,0.6842105263157894,0.0,0.1111111111111111,0.0,0.0,0.0,0.0,1.0,0.0,0.0,0.0,0.0,0.0,0.0,0.0,0.0,0.0,1.0,0.0,0.0,1.0,0.0,0.0,0.0,0.0,0.0,1.0,2,-0.9746565387588296,-1.0871579087269756
384,0.8823529411764706,0.0761290904173803,0.1428571428571428,0.3157894736842104,1.0,0.6296296296296297,0.6666666666666666,0.0,0.0,0.0,0.0,0.0,1.0,0.0,0.0,0.0,0.0,0.0,0.0,1.0,0.0,1.0,0.0,0.0,0.0,0.0,0.0,1.0,0.0,0.0,4,1.553805300024962,-0.059902413087154195
385,0.1176470588235294,0.9729559181465788,1.0,1.0,0.0,0.0185185185185185,0.3333333333333333,0.0,0.0,0.0,0.0,0.0,0.0,1.0,0.0,0.0,0.0,0.0,0.0,0.0,1.0,0.0,0.0,0.0,0.0,0.0,1.0,0.0,1.0,0.0,1,-1.45205638827604,1.0506721725506751
386,0.3529411764705883,0.2249166140809518,0.2142857142857142,0.4210526315789471,1.0,0.5185185185185185,0.6666666666666666,0.0,0.0,0.0,0.0,0.0,0.0,0.0,0.0,0.0,1.0,0.0,0.0,0.0,1.0,0.0,0.0,0.0,1.0,0.0,0.0,0.0,0.0,1.0,5,-0.5546309243748395,-0.9698081688017999
387,0.5882352941176472,0.0267736410348868,0.0714285714285714,0.0526315789473683,0.0,0.2592592592592593,0.0,0.0,0.0,0.0,0.0,0.0,0.0,0.0,0.0,0.0,0.0,0.0,1.0,1.0,0.0,0.0,1.0,0.0,0.0,0.0,0.0,1.0,0.0,0.0,0,1.3171088435219769,-0.20810587385507837
388,0.2352941176470588,0.7121608221400882,0.6428571428571428,0.8947368421052628,1.0,0.2777777777777778,0.3333333333333333,1.0,0.0,0.0,0.0,0.0,0.0,0.0,0.0,0.0,0.0,0.0,0.0,1.0,0.0,0.0,0.0,0.0,0.0,1.0,0.0,0.0,1.0,0.0,3,0.07021934004682291,1.3177248491720797
389,0.4705882352941177,0.3330027945551248,0.2857142857142857,0.5789473684210522,0.0,0.1296296296296296,0.0,0.0,0.0,0.0,1.0,0.0,0.0,0.0,0.0,0.0,0.0,0.0,0.0,0.0,1.0,0.0,0.0,1.0,0.0,0.0,0.0,0.0,0.0,1.0,2,-0.9402233982531497,-1.126896281108975
390,1.0,0.0855945190660776,0.2142857142857142,0.1578947368421051,1.0,0.6481481481481481,0.6666666666666666,0.0,0.0,0.0,0.0,0.0,1.0,0.0,0.0,0.0,0.0,0.0,0.0,1.0,0.0,1.0,0.0,0.0,0.0,0.0,0.0,1.0,0.0,0.0,4,1.5981130639287011,-0.08016115728031223
391,0.2352941176470588,0.9462724240512034,0.9285714285714284,0.9473684210526314,0.0,0.074074074074074,0.3333333333333333,0.0,0.0,0.0,0.0,0.0,0.0,1.0,0.0,0.0,0.0,0.0,0.0,0.0,1.0,0.0,0.0,0.0,0.0,0.0,1.0,0.0,1.0,0.0,1,-1.39219098215794,1.0068430863742288
392,0.0588235294117647,0.270080230776165,0.4285714285714285,0.5789473684210522,1.0,0.925925925925926,0.6666666666666666,0.0,0.0,0.0,0.0,0.0,0.0,0.0,0.0,1.0,0.0,0.0,0.0,0.0,1.0,0.0,0.0,0.0,1.0,0.0,0.0,0.0,0.0,1.0,5,-0.6826290567412608,-0.9304878489821963
393,0.6470588235294117,0.0360587758045614,0.0,0.2105263157894736,0.0,0.3518518518518518,0.0,0.0,0.0,0.0,0.0,0.0,0.0,0.0,0.0,0.0,0.0,0.0,1.0,1.0,0.0,0.0,1.0,0.0,0.0,0.0,0.0,1.0,0.0,0.0,0,1.314719092682935,-0.20548109824279887
394,0.2941176470588236,0.6578923645542233,0.5714285714285714,0.7894736842105261,1.0,0.4259259259259259,0.3333333333333333,0.0,1.0,0.0,0.0,0.0,0.0,0.0,0.0,0.0,0.0,0.0,0.0,1.0,0.0,0.0,0.0,0.0,0.0,1.0,0.0,0.0,1.0,0.0,3,0.1486387923424529,1.2930174506102277
395,0.5294117647058822,0.3516632110339853,0.3571428571428571,0.5789473684210522,0.0,0.1481481481481481,0.0,0.0,0.0,0.0,1.0,0.0,0.0,0.0,0.0,0.0,0.0,0.0,0.0,0.0,1.0,0.0,0.0,1.0,0.0,0.0,0.0,0.0,0.0,1.0,2,-0.9443737792494391,-1.1132132559237558
396,0.8823529411764706,0.0580997025150996,0.1428571428571428,0.3157894736842104,1.0,0.6481481481481481,0.6666666666666666,0.0,0.0,0.0,0.0,0.0,1.0,0.0,0.0,0.0,0.0,0.0,0.0,1.0,0.0,1.0,0.0,0.0,0.0,0.0,0.0,1.0,0.0,0.0,4,1.559309839722397,-0.06598052538255189
397,0.1176470588235294,0.9639412241954384,1.0,1.0,0.0,0.0555555555555555,0.3333333333333333,0.0,0.0,0.0,0.0,0.0,0.0,1.0,0.0,0.0,0.0,0.0,0.0,0.0,1.0,0.0,0.0,0.0,0.0,0.0,1.0,0.0,1.0,0.0,1,-1.4467571902091727,1.0451854921373518
398,0.3529411764705883,0.2249166140809518,0.2142857142857142,0.4210526315789471,1.0,0.5370370370370371,0.6666666666666666,0.0,0.0,0.0,0.0,0.0,0.0,0.0,0.0,0.0,1.0,0.0,0.0,0.0,1.0,0.0,0.0,0.0,1.0,0.0,0.0,0.0,0.0,1.0,5,-0.5529329722294055,-0.9714399183122159
399,0.5882352941176472,0.0538177228883079,0.0714285714285714,0.0,0.0,0.2407407407407407,0.0,0.0,0.0,0.0,0.0,0.0,0.0,0.0,0.0,0.0,0.0,0.0,1.0,1.0,0.0,0.0,1.0,0.0,0.0,0.0,0.0,1.0,0.0,0.0,0,1.3212411438818041,-0.2089773228626728
400,0.2352941176470588,0.7031461281889478,0.6428571428571428,0.7894736842105261,1.0,0.2962962962962963,0.3333333333333333,1.0,0.0,0.0,0.0,0.0,0.0,0.0,0.0,0.0,0.0,0.0,0.0,1.0,0.0,0.0,0.0,0.0,0.0,1.0,0.0,0.0,1.0,0.0,3,0.09690085363477915,1.295524432878206
401,0.411764705882353,0.3510321824574056,0.2857142857142857,0.5789473684210522,0.0,0.1666666666666666,0.0,0.0,0.0,0.0,1.0,0.0,0.0,0.0,0.0,0.0,0.0,0.0,0.0,0.0,1.0,0.0,0.0,1.0,0.0,0.0,0.0,0.0,0.0,1.0,2,-0.9525304652630077,-1.121557521073239
402,1.0,0.094609213017218,0.2142857142857142,0.1578947368421051,1.0,0.6666666666666666,0.6666666666666666,0.0,0.0,0.0,0.0,0.0,1.0,0.0,0.0,0.0,0.0,0.0,0.0,1.0,0.0,1.0,0.0,0.0,0.0,0.0,0.0,1.0,0.0,0.0,4,1.5979077222981346,-0.0795697253982375
403,0.2352941176470588,0.9372577301000632,0.857142857142857,0.8421052631578942,0.0,0.074074074074074,0.3333333333333333,0.0,0.0,0.0,0.0,0.0,0.0,1.0,0.0,0.0,0.0,0.0,0.0,0.0,1.0,0.0,0.0,0.0,0.0,0.0,1.0,0.0,1.0,0.0,1,-1.3534025219412886,0.9714057341060051
404,0.0588235294117647,0.270080230776165,0.4285714285714285,0.5789473684210522,1.0,0.9444444444444444,0.6666666666666666,0.0,0.0,0.0,0.0,0.0,0.0,0.0,0.0,1.0,0.0,0.0,0.0,0.0,1.0,0.0,0.0,0.0,1.0,0.0,0.0,0.0,0.0,1.0,5,-0.6809311045958271,-0.9321195984926127
405,0.6470588235294117,0.0180293879022807,0.0,0.2105263157894736,0.0,0.3703703703703703,0.0,0.0,0.0,0.0,0.0,0.0,0.0,0.0,0.0,0.0,0.0,0.0,1.0,1.0,0.0,0.0,1.0,0.0,0.0,0.0,0.0,1.0,0.0,0.0,0,1.3202236323803689,-0.21155921053819707
406,0.2941176470588236,0.6759217524565041,0.5714285714285714,0.7894736842105261,1.0,0.4444444444444444,0.3333333333333333,0.0,1.0,0.0,0.0,0.0,0.0,0.0,0.0,0.0,0.0,0.0,0.0,1.0,0.0,0.0,0.0,0.0,0.0,1.0,0.0,0.0,1.0,0.0,3,0.14653015693588567,1.2958320638847938
407,0.5294117647058822,0.369692598936266,0.3571428571428571,0.6842105263157894,0.0,0.1296296296296296,0.0,0.0,0.0,0.0,1.0,0.0,0.0,0.0,0.0,0.0,0.0,0.0,0.0,0.0,1.0,0.0,0.0,1.0,0.0,0.0,0.0,0.0,0.0,1.0,2,-0.9729585866133956,-1.088789658237392
408,0.8823529411764706,0.0761290904173803,0.1428571428571428,0.3157894736842104,1.0,0.6666666666666666,0.6666666666666666,0.0,0.0,0.0,0.0,0.0,1.0,0.0,0.0,0.0,0.0,0.0,0.0,1.0,0.0,1.0,0.0,0.0,0.0,0.0,0.0,1.0,0.0,0.0,4,1.5572012043158299,-0.06316591210798678
409,0.1176470588235294,0.9729559181465788,1.0,1.0,0.0,0.037037037037037,0.3333333333333333,0.0,0.0,0.0,0.0,0.0,0.0,1.0,0.0,0.0,0.0,0.0,0.0,0.0,1.0,0.0,0.0,0.0,0.0,0.0,1.0,0.0,1.0,0.0,1,-1.4503584361306068,1.0490404230402588
410,0.3529411764705883,0.2249166140809518,0.2142857142857142,0.4210526315789471,1.0,0.5555555555555556,0.6666666666666666,0.0,0.0,0.0,0.0,0.0,0.0,0.0,0.0,0.0,1.0,0.0,0.0,0.0,1.0,0.0,0.0,0.0,1.0,0.0,0.0,0.0,0.0,1.0,5,-0.5512350200839718,-0.9730716678226323
411,0.5882352941176472,0.0267736410348868,0.0714285714285714,0.0526315789473683,0.0,0.2777777777777778,0.0,0.0,0.0,0.0,0.0,0.0,0.0,0.0,0.0,0.0,0.0,0.0,1.0,1.0,0.0,0.0,1.0,0.0,0.0,0.0,0.0,1.0,0.0,0.0,0,1.318806795667411,-0.20973762336549462
412,0.2352941176470588,0.7121608221400882,0.6428571428571428,0.8947368421052628,1.0,0.2962962962962963,0.3333333333333333,1.0,0.0,0.0,0.0,0.0,0.0,0.0,0.0,0.0,0.0,0.0,0.0,1.0,0.0,0.0,0.0,0.0,0.0,1.0,0.0,0.0,1.0,0.0,3,0.07191729219225668,1.3160930996616627
413,0.4705882352941177,0.3330027945551248,0.2857142857142857,0.5789473684210522,0.0,0.1481481481481481,0.0,0.0,0.0,0.0,1.0,0.0,0.0,0.0,0.0,0.0,0.0,0.0,0.0,0.0,1.0,0.0,0.0,1.0,0.0,0.0,0.0,0.0,0.0,1.0,2,-0.938525446107716,-1.1285280306193917
414,1.0,0.0855945190660776,0.2142857142857142,0.1578947368421051,1.0,0.6851851851851852,0.6666666666666666,0.0,0.0,0.0,0.0,0.0,1.0,0.0,0.0,0.0,0.0,0.0,0.0,1.0,0.0,1.0,0.0,0.0,0.0,0.0,0.0,1.0,0.0,0.0,4,1.601508968219569,-0.08342465630114494
415,0.2352941176470588,0.9462724240512034,0.9285714285714284,0.9473684210526314,0.0,0.0925925925925925,0.3333333333333333,0.0,0.0,0.0,0.0,0.0,0.0,1.0,0.0,0.0,0.0,0.0,0.0,0.0,1.0,0.0,0.0,0.0,0.0,0.0,1.0,0.0,1.0,0.0,1,-1.3904930300125051,1.0052113368638125
416,0.0588235294117647,0.270080230776165,0.4285714285714285,0.5789473684210522,1.0,0.9629629629629628,0.6666666666666666,0.0,0.0,0.0,0.0,0.0,0.0,0.0,0.0,1.0,0.0,0.0,0.0,0.0,1.0,0.0,0.0,0.0,1.0,0.0,0.0,0.0,0.0,1.0,5,-0.6792331524503934,-0.9337513480030294
417,0.6470588235294117,0.0360587758045614,0.0,0.2105263157894736,0.0,0.3888888888888889,0.0,0.0,0.0,0.0,0.0,0.0,0.0,0.0,0.0,0.0,0.0,0.0,1.0,1.0,0.0,0.0,1.0,0.0,0.0,0.0,0.0,1.0,0.0,0.0,0,1.3181149969738022,-0.20874459726363168
418,0.2941176470588236,0.6578923645542233,0.5714285714285714,0.7894736842105261,1.0,0.4629629629629629,0.3333333333333333,0.0,1.0,0.0,0.0,0.0,0.0,0.0,0.0,0.0,0.0,0.0,0.0,1.0,0.0,0.0,0.0,0.0,0.0,1.0,0.0,0.0,1.0,0.0,3,0.15203469663332012,1.289753951589395
419,0.5294117647058822,0.3516632110339853,0.3571428571428571,0.5789473684210522,0.0,0.1851851851851852,0.0,0.0,0.0,0.0,1.0,0.0,0.0,0.0,0.0,0.0,0.0,0.0,0.0,0.0,1.0,0.0,0.0,1.0,0.0,0.0,0.0,0.0,0.0,1.0,2,-0.9409778749585719,-1.1164767549445886
420,0.8823529411764706,0.0580997025150996,0.1428571428571428,0.3157894736842104,1.0,0.6851851851851852,0.6666666666666666,0.0,0.0,0.0,0.0,0.0,1.0,0.0,0.0,0.0,0.0,0.0,0.0,1.0,0.0,1.0,0.0,0.0,0.0,0.0,0.0,1.0,0.0,0.0,4,1.5627057440132643,-0.06924402440338452
421,0.1176470588235294,0.9639412241954384,1.0,1.0,0.0,0.0555555555555555,0.3333333333333333,0.0,0.0,0.0,0.0,0.0,0.0,1.0,0.0,0.0,0.0,0.0,0.0,0.0,1.0,0.0,0.0,0.0,0.0,0.0,1.0,0.0,1.0,0.0,1,-1.4467571902091727,1.0451854921373518
422,0.3529411764705883,0.2249166140809518,0.2142857142857142,0.4210526315789471,1.0,0.5740740740740741,0.6666666666666666,0.0,0.0,0.0,0.0,0.0,0.0,0.0,0.0,0.0,1.0,0.0,0.0,0.0,1.0,0.0,0.0,0.0,1.0,0.0,0.0,0.0,0.0,1.0,5,-0.5495370679385384,-0.9747034173330488
423,0.5882352941176472,0.0538177228883079,0.0714285714285714,0.0,0.0,0.3148148148148147,0.0,0.0,0.0,0.0,0.0,0.0,0.0,0.0,0.0,0.0,0.0,0.0,1.0,1.0,0.0,0.0,1.0,0.0,0.0,0.0,0.0,1.0,0.0,0.0,0,1.3280329524635386,-0.2155043209043379
424,0.2352941176470588,0.7031461281889478,0.6428571428571428,0.7894736842105261,1.0,0.3333333333333333,0.3333333333333333,1.0,0.0,0.0,0.0,0.0,0.0,0.0,0.0,0.0,0.0,0.0,0.0,1.0,0.0,0.0,0.0,0.0,0.0,1.0,0.0,0.0,1.0,0.0,3,0.1002967579256466,1.2922609338573736
425,0.4705882352941177,0.3330027945551248,0.2857142857142857,0.6315789473684208,0.0,0.1666666666666666,0.0,0.0,0.0,0.0,1.0,0.0,0.0,0.0,0.0,0.0,0.0,0.0,0.0,0.0,1.0,0.0,0.0,1.0,0.0,0.0,0.0,0.0,0.0,1.0,2,-0.9483676277955434,-1.1209870374343247
426,1.0,0.094609213017218,0.2142857142857142,0.1578947368421051,1.0,0.7037037037037037,0.6666666666666666,0.0,0.0,0.0,0.0,0.0,1.0,0.0,0.0,0.0,0.0,0.0,0.0,1.0,0.0,1.0,0.0,0.0,0.0,0.0,0.0,1.0,0.0,0.0,4,1.6013036265890026,-0.08283322441907015
427,0.2352941176470588,0.9372577301000632,0.857142857142857,0.8421052631578942,0.0,0.0925925925925925,0.3333333333333333,0.0,0.0,0.0,0.0,0.0,0.0,1.0,0.0,0.0,0.0,0.0,0.0,0.0,1.0,0.0,0.0,0.0,0.0,0.0,1.0,0.0,1.0,0.0,1,-1.351704569795855,0.9697739845955886
428,0.0588235294117647,0.270080230776165,0.4285714285714285,0.5789473684210522,1.0,0.9814814814814816,0.6666666666666666,0.0,0.0,0.0,0.0,0.0,0.0,0.0,0.0,1.0,0.0,0.0,0.0,0.0,1.0,0.0,0.0,0.0,1.0,0.0,0.0,0.0,0.0,1.0,5,-0.6775352003049596,-0.9353830975134454
429,0.6470588235294117,0.0180293879022807,0.0,0.2105263157894736,0.0,0.4074074074074074,0.0,0.0,0.0,0.0,0.0,0.0,0.0,0.0,0.0,0.0,0.0,0.0,1.0,1.0,0.0,0.0,1.0,0.0,0.0,0.0,0.0,1.0,0.0,0.0,0,1.3236195366712362,-0.21482270955902938
430,0.2941176470588236,0.6759217524565041,0.5714285714285714,0.7894736842105261,1.0,0.4814814814814815,0.3333333333333333,0.0,1.0,0.0,0.0,0.0,0.0,0.0,0.0,0.0,0.0,0.0,0.0,1.0,0.0,0.0,0.0,0.0,0.0,1.0,0.0,0.0,1.0,0.0,3,0.14992606122675314,1.2925685648639613
431,0.5294117647058822,0.369692598936266,0.3571428571428571,0.6842105263157894,0.0,0.2037037037037037,0.0,0.0,0.0,0.0,1.0,0.0,0.0,0.0,0.0,0.0,0.0,0.0,0.0,0.0,1.0,0.0,0.0,1.0,0.0,0.0,0.0,0.0,0.0,1.0,2,-0.9661667780316613,-1.095316656279057
432,0.8823529411764706,0.0761290904173803,0.1428571428571428,0.3157894736842104,1.0,0.7037037037037037,0.6666666666666666,0.0,0.0,0.0,0.0,0.0,1.0,0.0,0.0,0.0,0.0,0.0,0.0,1.0,0.0,1.0,0.0,0.0,0.0,0.0,0.0,1.0,0.0,0.0,4,1.5605971086066979,-0.06642941112881932
433,0.1176470588235294,0.9729559181465788,1.0,1.0,0.0,0.037037037037037,0.3333333333333333,0.0,0.0,0.0,0.0,0.0,0.0,1.0,0.0,0.0,0.0,0.0,0.0,0.0,1.0,0.0,0.0,0.0,0.0,0.0,1.0,0.0,1.0,0.0,1,-1.4503584361306068,1.0490404230402588
434,0.3529411764705883,0.2249166140809518,0.2142857142857142,0.4210526315789471,1.0,0.5925925925925926,0.6666666666666666,0.0,0.0,0.0,0.0,0.0,0.0,0.0,0.0,0.0,1.0,0.0,0.0,0.0,1.0,0.0,0.0,0.0,1.0,0.0,0.0,0.0,0.0,1.0,5,-0.5478391157931047,-0.9763351668434646
435,0.5882352941176472,0.0267736410348868,0.0714285714285714,0.0526315789473683,0.0,0.3518518518518518,0.0,0.0,0.0,0.0,0.0,0.0,0.0,0.0,0.0,0.0,0.0,0.0,1.0,1.0,0.0,0.0,1.0,0.0,0.0,0.0,0.0,1.0,0.0,0.0,0,1.325598604249145,-0.2162646214071599
436,0.2352941176470588,0.7121608221400882,0.6428571428571428,0.8947368421052628,1.0,0.3518518518518518,0.3333333333333333,1.0,0.0,0.0,0.0,0.0,0.0,0.0,0.0,0.0,0.0,0.0,0.0,1.0,0.0,0.0,0.0,0.0,0.0,1.0,0.0,0.0,1.0,0.0,3,0.07701114862855765,1.3111978511304139
437,0.4705882352941177,0.3330027945551248,0.2857142857142857,0.5789473684210522,0.0,0.1851851851851852,0.0,0.0,0.0,0.0,1.0,0.0,0.0,0.0,0.0,0.0,0.0,0.0,0.0,0.0,1.0,0.0,0.0,1.0,0.0,0.0,0.0,0.0,0.0,1.0,2,-0.9351295418168486,-1.1317915296402243
438,1.0,0.0855945190660776,0.2142857142857142,0.1578947368421051,1.0,0.7222222222222222,0.6666666666666666,0.0,0.0,0.0,0.0,0.0,1.0,0.0,0.0,0.0,0.0,0.0,0.0,1.0,0.0,1.0,0.0,0.0,0.0,0.0,0.0,1.0,0.0,0.0,4,1.6049048725104362,-0.08668815532197757
439,0.2352941176470588,0.9462724240512034,0.9285714285714284,0.9473684210526314,0.0,0.1111111111111111,0.3333333333333333,0.0,0.0,0.0,0.0,0.0,0.0,1.0,0.0,0.0,0.0,0.0,0.0,0.0,1.0,0.0,0.0,0.0,0.0,0.0,1.0,0.0,1.0,0.0,1,-1.388795077867072,1.0035795873533966
440,0.0588235294117647,0.270080230776165,0.4285714285714285,0.5789473684210522,1.0,1.0,0.6666666666666666,0.0,0.0,0.0,0.0,0.0,0.0,0.0,0.0,1.0,0.0,0.0,0.0,0.0,1.0,0.0,0.0,0.0,1.0,0.0,0.0,0.0,0.0,1.0,5,-0.675837248159526,-0.9370148470238615
441,0.6470588235294117,0.0360587758045614,0.0,0.2105263157894736,0.0,0.4259259259259259,0.0,0.0,0.0,0.0,0.0,0.0,0.0,0.0,0.0,0.0,0.0,0.0,1.0,1.0,0.0,0.0,1.0,0.0,0.0,0.0,0.0,1.0,0.0,0.0,0,1.3215109012646693,-0.21200809628446404
442,0.2941176470588236,0.6578923645542233,0.5714285714285714,0.7894736842105261,1.0,0.5,0.3333333333333333,0.0,1.0,0.0,0.0,0.0,0.0,0.0,0.0,0.0,0.0,0.0,0.0,1.0,0.0,0.0,0.0,0.0,0.0,1.0,0.0,0.0,1.0,0.0,3,0.15543060092418742,1.286490452568563
443,0.5294117647058822,0.3516632110339853,0.3571428571428571,0.5789473684210522,0.0,0.2037037037037037,0.0,0.0,0.0,0.0,1.0,0.0,0.0,0.0,0.0,0.0,0.0,0.0,0.0,0.0,1.0,0.0,0.0,1.0,0.0,0.0,0.0,0.0,0.0,1.0,2,-0.9392799228131382,-1.118108504455005
444,0.8823529411764706,0.0580997025150996,0.1428571428571428,0.3157894736842104,1.0,0.7222222222222222,0.6666666666666666,0.0,0.0,0.0,0.0,0.0,1.0,0.0,0.0,0.0,0.0,0.0,0.0,1.0,0.0,1.0,0.0,0.0,0.0,0.0,0.0,1.0,0.0,0.0,4,1.566101648304131,-0.07250752342421721
445,0.1176470588235294,0.9639412241954384,1.0,1.0,0.0,0.074074074074074,0.3333333333333333,0.0,0.0,0.0,0.0,0.0,0.0,1.0,0.0,0.0,0.0,0.0,0.0,0.0,1.0,0.0,0.0,0.0,0.0,0.0,1.0,0.0,1.0,0.0,1,-1.445059238063739,1.0435537426269355
446,0.3529411764705883,0.2249166140809518,0.2142857142857142,0.4210526315789471,1.0,0.611111111111111,0.6666666666666666,0.0,0.0,0.0,0.0,0.0,0.0,0.0,0.0,0.0,1.0,0.0,0.0,0.0,1.0,0.0,0.0,0.0,1.0,0.0,0.0,0.0,0.0,1.0,5,-0.5461411636476711,-0.9779669163538814
447,0.5882352941176472,0.0538177228883079,0.0714285714285714,0.0,0.0,0.3333333333333333,0.0,0.0,0.0,0.0,0.0,0.0,0.0,0.0,0.0,0.0,0.0,0.0,1.0,1.0,0.0,0.0,1.0,0.0,0.0,0.0,0.0,1.0,0.0,0.0,0,1.329730904608973,-0.21713607041475405
448,0.2352941176470588,0.7031461281889478,0.6428571428571428,0.7894736842105261,1.0,0.3518518518518518,0.3333333333333333,1.0,0.0,0.0,0.0,0.0,0.0,0.0,0.0,0.0,0.0,0.0,0.0,1.0,0.0,0.0,0.0,0.0,0.0,1.0,0.0,0.0,1.0,0.0,3,0.10199471007108017,1.2906291843469575
449,0.4705882352941177,0.3330027945551248,0.2857142857142857,0.6315789473684208,0.0,0.2222222222222221,0.0,0.0,0.0,0.0,1.0,0.0,0.0,0.0,0.0,0.0,0.0,0.0,0.0,0.0,1.0,0.0,0.0,1.0,0.0,0.0,0.0,0.0,0.0,1.0,2,-0.9432737713592421,-1.1258822859655744
450,1.0,0.094609213017218,0.2142857142857142,0.1578947368421051,1.0,0.7407407407407407,0.6666666666666666,0.0,0.0,0.0,0.0,0.0,1.0,0.0,0.0,0.0,0.0,0.0,0.0,1.0,0.0,1.0,0.0,0.0,0.0,0.0,0.0,1.0,0.0,0.0,4,1.6046995308798706,-0.08609672343990264
