Customer ID,Age,Total Spend,Items Purchased,Average Rating,Discount Applied,Days Since Last Purchase,Satisfaction Level,Gender_Female,Gender_Male,City_Chicago,City_Houston,City_Los Angeles,City_Miami,City_New York,City_San Francisco,Membership Type_Bronze,Membership Type_Gold,Membership Type_Silver
101,0.17647058823529416,0.639502388893897,0.5,0.8421052631578942,1.0,0.2962962962962963,0.3333333333333333,1.0,0.0,0.0,0.0,0.0,0.0,1.0,0.0,0.0,1.0,0.0
102,0.47058823529411775,0.33327323537365905,0.2857142857142857,0.5789473684210522,0.0,0.16666666666666666,0.0,0.0,1.0,0.0,0.0,1.0,0.0,0.0,0.0,0.0,0.0,1.0
103,1.0,0.09010186604164788,0.1428571428571428,0.21052631578947367,1.0,0.611111111111111,0.6666666666666666,1.0,0.0,1.0,0.0,0.0,0.0,0.0,0.0,1.0,0.0,0.0
104,0.23529411764705888,0.9641215180744612,0.857142857142857,0.8947368421052628,0.0,0.05555555555555555,0.3333333333333333,0.0,1.0,0.0,0.0,0.0,0.0,0.0,1.0,0.0,1.0,0.0
105,0.05882352941176472,0.27909492472730546,0.4285714285714285,0.5263157894736841,1.0,0.8518518518518517,0.6666666666666666,0.0,1.0,0.0,0.0,0.0,1.0,0.0,0.0,0.0,0.0,1.0
106,0.6470588235294117,0.027044081853421054,0.0714285714285714,0.05263157894736836,0.0,0.24074074074074073,0.0,1.0,0.0,0.0,1.0,0.0,0.0,0.0,0.0,1.0,0.0,0.0
107,0.2941176470588236,0.6669070585053637,0.5714285714285714,0.7894736842105261,1.0,0.35185185185185186,0.3333333333333333,1.0,0.0,0.0,0.0,0.0,0.0,1.0,0.0,0.0,1.0,0.0
108,0.5294117647058822,0.35166321103398535,0.3571428571428571,0.6315789473684208,0.0,0.09259259259259259,0.0,0.0,1.0,0.0,0.0,1.0,0.0,0.0,0.0,0.0,0.0,1.0
109,0.8823529411764706,0.07612909041738031,0.2142857142857142,0.3157894736842104,1.0,0.5740740740740741,0.6666666666666666,1.0,0.0,1.0,0.0,0.0,0.0,0.0,0.0,1.0,0.0,0.0
110,0.11764705882352944,0.9999999999999999,1.0,0.9473684210526314,0.0,0.0,0.3333333333333333,0.0,1.0,0.0,0.0,0.0,0.0,0.0,1.0,0.0,1.0,0.0
111,0.3529411764705883,0.251960695934373,0.2857142857142857,0.4210526315789471,1.0,0.4629629629629629,0.6666666666666666,0.0,1.0,0.0,0.0,0.0,1.0,0.0,0.0,0.0,0.0,1.0
112,0.5882352941176472,0.05381772288830794,0.0,0.10526315789473695,0.0,0.2037037037037037,0.0,1.0,0.0,0.0,1.0,0.0,0.0,0.0,0.0,1.0,0.0,0.0
113,0.23529411764705888,0.7121608221400882,0.6428571428571428,0.6842105263157894,1.0,0.22222222222222218,0.3333333333333333,1.0,0.0,0.0,0.0,0.0,0.0,1.0,0.0,0.0,1.0,0.0
114,0.41176470588235303,0.369557378526999,0.4285714285714285,0.736842105263158,0.0,0.11111111111111113,0.3333333333333333,0.0,1.0,0.0,0.0,1.0,0.0,0.0,0.0,0.0,0.0,1.0
115,0.9411764705882355,0.10781573965563862,0.1428571428571428,0.26315789473684204,1.0,0.5370370370370371,0.6666666666666666,1.0,0.0,1.0,0.0,0.0,0.0,0.0,0.0,1.0,0.0,0.0
116,0.17647058823529416,0.8558550437212656,0.7857142857142856,1.0,0.0,0.037037037037037035,0.3333333333333333,0.0,1.0,0.0,0.0,0.0,0.0,0.0,1.0,0.0,1.0,0.0
117,0.0,0.2612458307040476,0.3571428571428571,0.368421052631579,1.0,0.7222222222222222,0.6666666666666666,0.0,1.0,0.0,0.0,0.0,1.0,0.0,0.0,0.0,0.0,1.0
118,0.7058823529411766,0.036148922744072776,0.0714285714285714,0.0,0.0,0.2962962962962963,0.0,1.0,0.0,0.0,1.0,0.0,0.0,0.0,0.0,1.0,0.0,0.0
119,0.3529411764705883,0.6846660055891102,0.5,0.8947368421052628,1.0,0.37037037037037035,0.3333333333333333,1.0,0.0,0.0,0.0,0.0,0.0,1.0,0.0,0.0,1.0,0.0
120,0.47058823529411775,0.34201748850626523,0.2857142857142857,0.5263157894736841,0.0,0.12962962962962962,0.0,0.0,1.0,0.0,0.0,1.0,0.0,0.0,0.0,0.0,0.0,1.0
121,1.0,0.08559451906607768,0.2142857142857142,0.1578947368421051,1.0,0.5925925925925926,0.6666666666666666,1.0,0.0,1.0,0.0,0.0,0.0,0.0,0.0,1.0,0.0,0.0
122,0.23529411764705888,0.9552871180023438,0.9285714285714284,0.9473684210526314,0.0,0.07407407407407407,0.3333333333333333,0.0,1.0,0.0,0.0,0.0,0.0,0.0,1.0,0.0,1.0,0.0
123,0.05882352941176472,0.27008023077616505,0.4285714285714285,0.5789473684210522,1.0,0.8333333333333334,0.6666666666666666,0.0,1.0,0.0,0.0,0.0,1.0,0.0,0.0,0.0,0.0,1.0
124,0.6470588235294117,0.018029387902280702,0.0,0.21052631578947367,0.0,0.2592592592592593,0.0,1.0,0.0,0.0,1.0,0.0,0.0,0.0,0.0,1.0,0.0,0.0
125,0.2941176470588236,0.6578923645542233,0.5714285714285714,0.8421052631578942,1.0,0.33333333333333337,0.3333333333333333,1.0,0.0,0.0,0.0,0.0,0.0,1.0,0.0,0.0,1.0,0.0
126,0.5294117647058822,0.36067790498512575,0.3571428571428571,0.6842105263157894,0.0,0.07407407407407407,0.0,0.0,1.0,0.0,0.0,1.0,0.0,0.0,0.0,0.0,0.0,1.0
127,0.8823529411764706,0.06711439646623996,0.1428571428571428,0.3157894736842104,1.0,0.5555555555555556,0.6666666666666666,1.0,0.0,1.0,0.0,0.0,0.0,0.0,0.0,1.0,0.0,0.0
128,0.11764705882352944,0.9819706120977193,1.0,1.0,0.0,0.018518518518518517,0.3333333333333333,0.0,1.0,0.0,0.0,0.0,0.0,0.0,1.0,0.0,1.0,0.0
129,0.3529411764705883,0.23393130803209228,0.2142857142857142,0.4210526315789471,1.0,0.4444444444444444,0.6666666666666666,0.0,1.0,0.0,0.0,0.0,1.0,0.0,0.0,0.0,0.0,1.0
130,0.5882352941176472,0.04480302893716753,0.0714285714285714,0.05263157894736836,0.0,0.1851851851851852,0.0,1.0,0.0,0.0,1.0,0.0,0.0,0.0,0.0,1.0,0.0,0.0
131,0.23529411764705888,0.7031461281889478,0.6428571428571428,0.7894736842105261,1.0,0.2037037037037037,0.3333333333333333,1.0,0.0,0.0,0.0,0.0,0.0,1.0,0.0,0.0,1.0,0.0
132,0.41176470588235303,0.3785720724781394,0.4285714285714285,0.6315789473684208,0.0,0.09259259259259259,0.3333333333333333,0.0,1.0,0.0,0.0,1.0,0.0,0.0,0.0,0.0,0.0,1.0
133,0.9411764705882355,0.09880104570449827,0.1428571428571428,0.26315789473684204,1.0,0.5185185185185185,0.6666666666666666,1.0,0.0,1.0,0.0,0.0,0.0,0.0,0.0,1.0,0.0,0.0
134,0.17647058823529416,0.864869737672406,0.7857142857142856,0.8947368421052628,0.0,0.018518518518518517,0.3333333333333333,0.0,1.0,0.0,0.0,0.0,0.0,0.0,1.0,0.0,1.0,0.0
135,0.0,0.2522311367529072,0.3571428571428571,0.4736842105263155,1.0,0.7037037037037037,0.6666666666666666,0.0,1.0,0.0,0.0,0.0,1.0,0.0,0.0,0.0,0.0,1.0
136,0.7058823529411766,0.027134228792932424,0.0714285714285714,0.10526315789473695,0.0,0.2777777777777778,0.0,1.0,0.0,0.0,1.0,0.0,0.0,0.0,0.0,1.0,0.0,0.0
137,0.3529411764705883,0.6756513116379698,0.5,0.736842105263158,1.0,0.24074074074074073,0.3333333333333333,1.0,0.0,0.0,0.0,0.0,0.0,1.0,0.0,0.0,1.0,0.0
138,0.47058823529411775,0.35103218245740564,0.2857142857142857,0.5789473684210522,0.0,0.1481481481481481,0.0,0.0,1.0,0.0,0.0,1.0,0.0,0.0,0.0,0.0,0.0,1.0
139,1.0,0.08108717209050748,0.2142857142857142,0.1578947368421051,1.0,0.5740740740740741,0.6666666666666666,1.0,0.0,1.0,0.0,0.0,0.0,0.0,0.0,1.0,0.0,0.0
140,0.23529411764705888,0.9462724240512034,0.9285714285714284,0.9473684210526314,0.0,0.05555555555555555,0.3333333333333333,0.0,1.0,0.0,0.0,0.0,0.0,0.0,1.0,0.0,1.0,0.0
141,0.05882352941176472,0.26106553682502476,0.4285714285714285,0.5263157894736841,1.0,0.8148148148148148,0.6666666666666666,0.0,1.0,0.0,0.0,0.0,1.0,0.0,0.0,0.0,0.0,1.0
142,0.6470588235294117,0.009014693951140351,0.0,0.05263157894736836,0.0,0.22222222222222218,0.0,1.0,0.0,0.0,1.0,0.0,0.0,0.0,0.0,1.0,0.0,0.0
143,0.2941176470588236,0.6488776706030829,0.5714285714285714,0.7894736842105261,1.0,0.31481481481481477,0.3333333333333333,1.0,0.0,0.0,0.0,0.0,0.0,1.0,0.0,0.0,1.0,0.0
144,0.5294117647058822,0.36969259893626605,0.3571428571428571,0.6842105263157894,0.0,0.05555555555555555,0.0,0.0,1.0,0.0,0.0,1.0,0.0,0.0,0.0,0.0,0.0,1.0
145,0.8823529411764706,0.06260704949066975,0.1428571428571428,0.3157894736842104,1.0,0.5370370370370371,0.6666666666666666,1.0,0.0,1.0,0.0,0.0,0.0,0.0,0.0,1.0,0.0,0.0
146,0.11764705882352944,0.9729559181465789,1.0,1.0,0.0,0.0,0.3333333333333333,0.0,1.0,0.0,0.0,0.0,0.0,0.0,1.0,0.0,1.0,0.0
147,0.3529411764705883,0.24294600198323257,0.2142857142857142,0.4210526315789471,1.0,0.42592592592592593,0.6666666666666666,0.0,1.0,0.0,0.0,0.0,1.0,0.0,0.0,0.0,0.0,1.0
148,0.5882352941176472,0.05381772288830794,0.0714285714285714,0.0,0.0,0.16666666666666666,0.0,1.0,0.0,0.0,1.0,0.0,0.0,0.0,0.0,1.0,0.0,0.0
149,0.23529411764705888,0.6941314342378077,0.6428571428571428,0.8947368421052628,1.0,0.1851851851851852,0.3333333333333333,1.0,0.0,0.0,0.0,0.0,0.0,1.0,0.0,0.0,1.0,0.0
150,0.47058823529411775,0.34201748850626523,0.2857142857142857,0.5263157894736841,0.0,0.11111111111111113,0.0,0.0,1.0,0.0,0.0,1.0,0.0,0.0,0.0,0.0,0.0,1.0
151,1.0,0.08559451906607768,0.2142857142857142,0.1578947368421051,1.0,0.5555555555555556,0.6666666666666666,1.0,0.0,1.0,0.0,0.0,0.0,0.0,0.0,1.0,0.0,0.0
152,0.23529411764705888,0.9552871180023438,0.9285714285714284,0.9473684210526314,0.0,0.07407407407407407,0.3333333333333333,0.0,1.0,0.0,0.0,0.0,0.0,0.0,1.0,0.0,1.0,0.0
153,0.05882352941176472,0.27008023077616505,0.4285714285714285,0.5789473684210522,1.0,0.8333333333333334,0.6666666666666666,0.0,1.0,0.0,0.0,0.0,1.0,0.0,0.0,0.0,0.0,1.0
154,0.6470588235294117,0.018029387902280702,0.0,0.21052631578947367,0.0,0.2592592592592593,0.0,1.0,0.0,0.0,1.0,0.0,0.0,0.0,0.0,1.0,0.0,0.0
155,0.2941176470588236,0.6578923645542233,0.5714285714285714,0.8421052631578942,1.0,0.33333333333333337,0.3333333333333333,1.0,0.0,0.0,0.0,0.0,0.0,1.0,0.0,0.0,1.0,0.0
156,0.5294117647058822,0.36067790498512575,0.3571428571428571,0.6842105263157894,0.0,0.07407407407407407,0.0,0.0,1.0,0.0,0.0,1.0,0.0,0.0,0.0,0.0,0.0,1.0
157,0.8823529411764706,0.06711439646623996,0.1428571428571428,0.3157894736842104,1.0,0.5555555555555556,0.6666666666666666,1.0,0.0,1.0,0.0,0.0,0.0,0.0,0.0,1.0,0.0,0.0
158,0.11764705882352944,0.9819706120977193,1.0,1.0,0.0,0.018518518518518517,0.3333333333333333,0.0,1.0,0.0,0.0,0.0,0.0,0.0,1.0,0.0,1.0,0.0
159,0.3529411764705883,0.23393130803209228,0.2142857142857142,0.4210526315789471,1.0,0.4444444444444444,0.6666666666666666,0.0,1.0,0.0,0.0,0.0,1.0,0.0,0.0,0.0,0.0,1.0
160,0.5882352941176472,0.04480302893716753,0.0714285714285714,0.05263157894736836,0.0,0.1851851851851852,0.0,1.0,0.0,0.0,1.0,0.0,0.0,0.0,0.0,1.0,0.0,0.0
161,0.23529411764705888,0.7031461281889478,0.6428571428571428,0.7894736842105261,1.0,0.2037037037037037,0.3333333333333333,1.0,0.0,0.0,0.0,0.0,0.0,1.0,0.0,0.0,1.0,0.0
162,0.41176470588235303,0.3785720724781394,0.4285714285714285,0.6315789473684208,0.0,0.09259259259259259,0.3333333333333333,0.0,1.0,0.0,0.0,1.0,0.0,0.0,0.0,0.0,0.0,1.0
163,0.9411764705882355,0.09880104570449827,0.1428571428571428,0.26315789473684204,1.0,0.5185185185185185,0.6666666666666666,1.0,0.0,1.0,0.0,0.0,0.0,0.0,0.0,1.0,0.0,0.0
164,0.17647058823529416,0.864869737672406,0.7857142857142856,0.8947368421052628,0.0,0.018518518518518517,0.3333333333333333,0.0,1.0,0.0,0.0,0.0,0.0,0.0,1.0,0.0,1.0,0.0
165,0.0,0.2522311367529072,0.3571428571428571,0.4736842105263155,1.0,0.7037037037037037,0.6666666666666666,0.0,1.0,0.0,0.0,0.0,1.0,0.0,0.0,0.0,0.0,1.0
166,0.7058823529411766,0.027134228792932424,0.0714285714285714,0.10526315789473695,0.0,0.2777777777777778,0.0,1.0,0.0,0.0,1.0,0.0,0.0,0.0,0.0,1.0,0.0,0.0
167,0.3529411764705883,0.6756513116379698,0.5,0.736842105263158,1.0,0.24074074074074073,0.3333333333333333,1.0,0.0,0.0,0.0,0.0,0.0,1.0,0.0,0.0,1.0,0.0
168,0.47058823529411775,0.35103218245740564,0.2857142857142857,0.5789473684210522,0.0,0.1481481481481481,0.0,0.0,1.0,0.0,0.0,1.0,0.0,0.0,0.0,0.0,0.0,1.0
169,1.0,0.08108717209050748,0.2142857142857142,0.1578947368421051,1.0,0.5740740740740741,0.6666666666666666,1.0,0.0,1.0,0.0,0.0,0.0,0.0,0.0,1.0,0.0,0.0
170,0.23529411764705888,0.9462724240512034,0.9285714285714284,0.9473684210526314,0.0,0.05555555555555555,0.3333333333333333,0.0,1.0,0.0,0.0,0.0,0.0,0.0,1.0,0.0,1.0,0.0
171,0.05882352941176472,0.26106553682502476,0.4285714285714285,0.5263157894736841,1.0,0.8148148148148148,0.6666666666666666,0.0,1.0,0.0,0.0,0.0,1.0,0.0,0.0,0.0,0.0,1.0
172,0.6470588235294117,0.009014693951140351,0.0,0.05263157894736836,0.0,0.22222222222222218,1.0,1.0,0.0,0.0,1.0,0.0,0.0,0.0,0.0,1.0,0.0,0.0
173,0.2941176470588236,0.6488776706030829,0.5714285714285714,0.7894736842105261,1.0,0.31481481481481477,0.3333333333333333,1.0,0.0,0.0,0.0,0.0,0.0,1.0,0.0,0.0,1.0,0.0
174,0.5294117647058822,0.36969259893626605,0.3571428571428571,0.6842105263157894,0.0,0.05555555555555555,0.0,0.0,1.0,0.0,0.0,1.0,0.0,0.0,0.0,0.0,0.0,1.0
175,0.8823529411764706,0.06260704949066975,0.1428571428571428,0.3157894736842104,1.0,0.5370370370370371,0.6666666666666666,1.0,0.0,1.0,0.0,0.0,0.0,0.0,0.0,1.0,0.0,0.0
176,0.11764705882352944,0.9729559181465789,1.0,1.0,0.0,0.0,0.3333333333333333,0.0,1.0,0.0,0.0,0.0,0.0,0.0,1.0,0.0,1.0,0.0
177,0.3529411764705883,0.24294600198323257,0.2142857142857142,0.4210526315789471,1.0,0.42592592592592593,0.6666666666666666,0.0,1.0,0.0,0.0,0.0,1.0,0.0,0.0,0.0,0.0,1.0
178,0.5882352941176472,0.05381772288830794,0.0714285714285714,0.0,0.0,0.16666666666666666,0.0,1.0,0.0,0.0,1.0,0.0,0.0,0.0,0.0,1.0,0.0,0.0
179,0.23529411764705888,0.6941314342378077,0.6428571428571428,0.8947368421052628,1.0,0.1851851851851852,0.3333333333333333,1.0,0.0,0.0,0.0,0.0,0.0,1.0,0.0,0.0,1.0,0.0
180,0.47058823529411775,0.34201748850626523,0.2857142857142857,0.5263157894736841,0.0,0.11111111111111113,0.0,0.0,1.0,0.0,0.0,1.0,0.0,0.0,0.0,0.0,0.0,1.0
181,1.0,0.08559451906607768,0.2142857142857142,0.1578947368421051,1.0,0.5555555555555556,0.6666666666666666,1.0,0.0,1.0,0.0,0.0,0.0,0.0,0.0,1.0,0.0,0.0
182,0.23529411764705888,0.9552871180023438,0.9285714285714284,0.9473684210526314,0.0,0.07407407407407407,0.3333333333333333,0.0,1.0,0.0,0.0,0.0,0.0,0.0,1.0,0.0,1.0,0.0
183,0.05882352941176472,0.27008023077616505,0.4285714285714285,0.5789473684210522,1.0,0.8333333333333334,0.6666666666666666,0.0,1.0,0.0,0.0,0.0,1.0,0.0,0.0,0.0,0.0,1.0
184,0.6470588235294117,0.018029387902280702,0.0,0.21052631578947367,0.0,0.2592592592592593,0.0,1.0,0.0,0.0,1.0,0.0,0.0,0.0,0.0,1.0,0.0,0.0
185,0.2941176470588236,0.6578923645542233,0.5714285714285714,0.8421052631578942,1.0,0.33333333333333337,0.3333333333333333,1.0,0.0,0.0,0.0,0.0,0.0,1.0,0.0,0.0,1.0,0.0
186,0.5294117647058822,0.36067790498512575,0.3571428571428571,0.6842105263157894,0.0,0.07407407407407407,0.0,0.0,1.0,0.0,0.0,1.0,0.0,0.0,0.0,0.0,0.0,1.0
187,0.8823529411764706,0.06711439646623996,0.1428571428571428,0.3157894736842104,1.0,0.5555555555555556,0.6666666666666666,1.0,0.0,1.0,0.0,0.0,0.0,0.0,0.0,1.0,0.0,0.0
188,0.11764705882352944,0.9819706120977193,1.0,1.0,0.0,0.018518518518518517,0.3333333333333333,0.0,1.0,0.0,0.0,0.0,0.0,0.0,1.0,0.0,1.0,0.0
189,0.3529411764705883,0.23393130803209228,0.2142857142857142,0.4210526315789471,1.0,0.4444444444444444,0.6666666666666666,0.0,1.0,0.0,0.0,0.0,1.0,0.0,0.0,0.0,0.0,1.0
190,0.5882352941176472,0.04480302893716753,0.0714285714285714,0.05263157894736836,0.0,0.1851851851851852,0.0,1.0,0.0,0.0,1.0,0.0,0.0,0.0,0.0,1.0,0.0,0.0
191,0.23529411764705888,0.7031461281889478,0.6428571428571428,0.7894736842105261,1.0,0.2037037037037037,0.3333333333333333,1.0,0.0,0.0,0.0,0.0,0.0,1.0,0.0,0.0,1.0,0.0
192,0.41176470588235303,0.3785720724781394,0.4285714285714285,0.6315789473684208,0.0,0.09259259259259259,0.3333333333333333,0.0,1.0,0.0,0.0,1.0,0.0,0.0,0.0,0.0,0.0,1.0
193,0.9411764705882355,0.09880104570449827,0.1428571428571428,0.26315789473684204,1.0,0.5185185185185185,0.6666666666666666,1.0,0.0,1.0,0.0,0.0,0.0,0.0,0.0,1.0,0.0,0.0
194,0.17647058823529416,0.864869737672406,0.7857142857142856,0.8947368421052628,0.0,0.018518518518518517,0.3333333333333333,0.0,1.0,0.0,0.0,0.0,0.0,0.0,1.0,0.0,1.0,0.0
195,0.0,0.2522311367529072,0.3571428571428571,0.4736842105263155,1.0,0.7037037037037037,0.6666666666666666,0.0,1.0,0.0,0.0,0.0,1.0,0.0,0.0,0.0,0.0,1.0
196,0.7058823529411766,0.027134228792932424,0.0714285714285714,0.10526315789473695,0.0,0.2777777777777778,0.0,1.0,0.0,0.0,1.0,0.0,0.0,0.0,0.0,1.0,0.0,0.0
197,0.3529411764705883,0.6756513116379698,0.5,0.736842105263158,1.0,0.24074074074074073,0.3333333333333333,1.0,0.0,0.0,0.0,0.0,0.0,1.0,0.0,0.0,1.0,0.0
198,0.47058823529411775,0.35103218245740564,0.2857142857142857,0.5789473684210522,0.0,0.1481481481481481,0.0,0.0,1.0,0.0,0.0,1.0,0.0,0.0,0.0,0.0,0.0,1.0
199,1.0,0.08108717209050748,0.2142857142857142,0.1578947368421051,1.0,0.5740740740740741,0.6666666666666666,1.0,0.0,1.0,0.0,0.0,0.0,0.0,0.0,1.0,0.0,0.0
200,0.23529411764705888,0.9462724240512034,0.9285714285714284,0.9473684210526314,0.0,0.05555555555555555,0.3333333333333333,0.0,1.0,0.0,0.0,0.0,0.0,0.0,1.0,0.0,1.0,0.0
201,0.05882352941176472,0.26106553682502476,0.4285714285714285,0.5263157894736841,1.0,0.8148148148148148,0.6666666666666666,0.0,1.0,0.0,0.0,0.0,1.0,0.0,0.0,0.0,0.0,1.0
202,0.6470588235294117,0.009014693951140351,0.0,0.05263157894736836,0.0,0.22222222222222218,0.0,1.0,0.0,0.0,1.0,0.0,0.0,0.0,0.0,1.0,0.0,0.0
203,0.2941176470588236,0.6488776706030829,0.5714285714285714,0.7894736842105261,1.0,0.31481481481481477,0.3333333333333333,1.0,0.0,0.0,0.0,0.0,0.0,1.0,0.0,0.0,1.0,0.0
204,0.5294117647058822,0.36969259893626605,0.3571428571428571,0.6842105263157894,0.0,0.05555555555555555,0.0,0.0,1.0,0.0,0.0,1.0,0.0,0.0,0.0,0.0,0.0,1.0
205,0.8823529411764706,0.06260704949066975,0.1428571428571428,0.3157894736842104,1.0,0.5370370370370371,0.6666666666666666,1.0,0.0,1.0,0.0,0.0,0.0,0.0,0.0,1.0,0.0,0.0
206,0.11764705882352944,0.9729559181465789,1.0,1.0,0.0,0.0,0.3333333333333333,0.0,1.0,0.0,0.0,0.0,0.0,0.0,1.0,0.0,1.0,0.0
207,0.3529411764705883,0.24294600198323257,0.2142857142857142,0.4210526315789471,1.0,0.42592592592592593,0.6666666666666666,0.0,1.0,0.0,0.0,0.0,1.0,0.0,0.0,0.0,0.0,1.0
208,0.5882352941176472,0.05381772288830794,0.0714285714285714,0.0,0.0,0.16666666666666666,0.0,1.0,0.0,0.0,1.0,0.0,0.0,0.0,0.0,1.0,0.0,0.0
209,0.23529411764705888,0.6941314342378077,0.6428571428571428,0.8947368421052628,1.0,0.1851851851851852,0.3333333333333333,1.0,0.0,0.0,0.0,0.0,0.0,1.0,0.0,0.0,1.0,0.0
210,0.47058823529411775,0.34201748850626523,0.2857142857142857,0.5263157894736841,0.0,0.11111111111111113,0.0,0.0,1.0,0.0,0.0,1.0,0.0,0.0,0.0,0.0,0.0,1.0
211,1.0,0.08559451906607768,0.2142857142857142,0.1578947368421051,1.0,0.5555555555555556,0.6666666666666666,1.0,0.0,1.0,0.0,0.0,0.0,0.0,0.0,1.0,0.0,0.0
212,0.23529411764705888,0.9552871180023438,0.9285714285714284,0.9473684210526314,0.0,0.07407407407407407,0.3333333333333333,0.0,1.0,0.0,0.0,0.0,0.0,0.0,1.0,0.0,1.0,0.0
213,0.05882352941176472,0.27008023077616505,0.4285714285714285,0.5789473684210522,1.0,0.8333333333333334,0.6666666666666666,0.0,1.0,0.0,0.0,0.0,1.0,0.0,0.0,0.0,0.0,1.0
214,0.6470588235294117,0.018029387902280702,0.0,0.21052631578947367,0.0,0.2592592592592593,0.0,1.0,0.0,0.0,1.0,0.0,0.0,0.0,0.0,1.0,0.0,0.0
215,0.2941176470588236,0.6578923645542233,0.5714285714285714,0.8421052631578942,1.0,0.33333333333333337,0.3333333333333333,1.0,0.0,0.0,0.0,0.0,0.0,1.0,0.0,0.0,1.0,0.0
216,0.5294117647058822,0.36067790498512575,0.3571428571428571,0.6842105263157894,0.0,0.07407407407407407,0.0,0.0,1.0,0.0,0.0,1.0,0.0,0.0,0.0,0.0,0.0,1.0
217,0.8823529411764706,0.06711439646623996,0.1428571428571428,0.3157894736842104,1.0,0.5555555555555556,0.6666666666666666,1.0,0.0,1.0,0.0,0.0,0.0,0.0,0.0,1.0,0.0,0.0
218,0.11764705882352944,0.9819706120977193,1.0,1.0,0.0,0.018518518518518517,0.3333333333333333,0.0,1.0,0.0,0.0,0.0,0.0,0.0,1.0,0.0,1.0,0.0
219,0.3529411764705883,0.23393130803209228,0.2142857142857142,0.4210526315789471,1.0,0.4444444444444444,0.6666666666666666,0.0,1.0,0.0,0.0,0.0,1.0,0.0,0.0,0.0,0.0,1.0
220,0.5882352941176472,0.04480302893716753,0.0714285714285714,0.05263157894736836,0.0,0.1851851851851852,0.0,1.0,0.0,0.0,1.0,0.0,0.0,0.0,0.0,1.0,0.0,0.0
221,0.23529411764705888,0.7031461281889478,0.6428571428571428,0.7894736842105261,1.0,0.2037037037037037,0.3333333333333333,1.0,0.0,0.0,0.0,0.0,0.0,1.0,0.0,0.0,1.0,0.0
222,0.41176470588235303,0.3785720724781394,0.4285714285714285,0.6315789473684208,0.0,0.09259259259259259,0.3333333333333333,0.0,1.0,0.0,0.0,1.0,0.0,0.0,0.0,0.0,0.0,1.0
223,0.9411764705882355,0.09880104570449827,0.1428571428571428,0.26315789473684204,1.0,0.5185185185185185,0.6666666666666666,1.0,0.0,1.0,0.0,0.0,0.0,0.0,0.0,1.0,0.0,0.0
224,0.17647058823529416,0.864869737672406,0.7857142857142856,0.8947368421052628,0.0,0.018518518518518517,0.3333333333333333,0.0,1.0,0.0,0.0,0.0,0.0,0.0,1.0,0.0,1.0,0.0
225,0.0,0.2522311367529072,0.3571428571428571,0.4736842105263155,1.0,0.7037037037037037,0.6666666666666666,0.0,1.0,0.0,0.0,0.0,1.0,0.0,0.0,0.0,0.0,1.0
226,0.7058823529411766,0.027134228792932424,0.0714285714285714,0.10526315789473695,0.0,0.2777777777777778,0.0,1.0,0.0,0.0,1.0,0.0,0.0,0.0,0.0,1.0,0.0,0.0
227,0.3529411764705883,0.6756513116379698,0.5,0.736842105263158,1.0,0.24074074074074073,0.3333333333333333,1.0,0.0,0.0,0.0,0.0,0.0,1.0,0.0,0.0,1.0,0.0
228,0.47058823529411775,0.35103218245740564,0.2857142857142857,0.5789473684210522,0.0,0.1481481481481481,0.0,0.0,1.0,0.0,0.0,1.0,0.0,0.0,0.0,0.0,0.0,1.0
229,1.0,0.08108717209050748,0.2142857142857142,0.1578947368421051,1.0,0.5740740740740741,0.6666666666666666,1.0,0.0,1.0,0.0,0.0,0.0,0.0,0.0,1.0,0.0,0.0
230,0.23529411764705888,0.9462724240512034,0.9285714285714284,0.9473684210526314,0.0,0.05555555555555555,0.3333333333333333,0.0,1.0,0.0,0.0,0.0,0.0,0.0,1.0,0.0,1.0,0.0
231,0.05882352941176472,0.26106553682502476,0.4285714285714285,0.5263157894736841,1.0,0.8148148148148148,0.6666666666666666,0.0,1.0,0.0,0.0,0.0,1.0,0.0,0.0,0.0,0.0,1.0
232,0.6470588235294117,0.009014693951140351,0.0,0.05263157894736836,0.0,0.22222222222222218,0.0,1.0,0.0,0.0,1.0,0.0,0.0,0.0,0.0,1.0,0.0,0.0
233,0.2941176470588236,0.6488776706030829,0.5714285714285714,0.7894736842105261,1.0,0.31481481481481477,0.3333333333333333,1.0,0.0,0.0,0.0,0.0,0.0,1.0,0.0,0.0,1.0,0.0
234,0.5294117647058822,0.36969259893626605,0.3571428571428571,0.6842105263157894,0.0,0.05555555555555555,0.0,0.0,1.0,0.0,0.0,1.0,0.0,0.0,0.0,0.0,0.0,1.0
235,0.8823529411764706,0.06260704949066975,0.1428571428571428,0.3157894736842104,1.0,0.5370370370370371,0.6666666666666666,1.0,0.0,1.0,0.0,0.0,0.0,0.0,0.0,1.0,0.0,0.0
236,0.11764705882352944,0.9729559181465789,1.0,1.0,0.0,0.0,0.3333333333333333,0.0,1.0,0.0,0.0,0.0,0.0,0.0,1.0,0.0,1.0,0.0
237,0.3529411764705883,0.24294600198323257,0.2142857142857142,0.4210526315789471,1.0,0.42592592592592593,0.6666666666666666,0.0,1.0,0.0,0.0,0.0,1.0,0.0,0.0,0.0,0.0,1.0
238,0.5882352941176472,0.05381772288830794,0.0714285714285714,0.0,0.0,0.16666666666666666,0.0,1.0,0.0,0.0,1.0,0.0,0.0,0.0,0.0,1.0,0.0,0.0
239,0.23529411764705888,0.6941314342378077,0.6428571428571428,0.8947368421052628,1.0,0.1851851851851852,0.3333333333333333,1.0,0.0,0.0,0.0,0.0,0.0,1.0,0.0,0.0,1.0,0.0
240,0.47058823529411775,0.34201748850626523,0.2857142857142857,0.5263157894736841,0.0,0.11111111111111113,0.0,0.0,1.0,0.0,0.0,1.0,0.0,0.0,0.0,0.0,0.0,1.0
241,1.0,0.08559451906607768,0.2142857142857142,0.1578947368421051,1.0,0.5555555555555556,0.6666666666666666,1.0,0.0,1.0,0.0,0.0,0.0,0.0,0.0,1.0,0.0,0.0
242,0.23529411764705888,0.9552871180023438,0.9285714285714284,0.9473684210526314,0.0,0.07407407407407407,0.3333333333333333,0.0,1.0,0.0,0.0,0.0,0.0,0.0,1.0,0.0,1.0,0.0
243,0.05882352941176472,0.27008023077616505,0.4285714285714285,0.5789473684210522,1.0,0.8333333333333334,0.6666666666666666,0.0,1.0,0.0,0.0,0.0,1.0,0.0,0.0,0.0,0.0,1.0
244,0.6470588235294117,0.018029387902280702,0.0,0.21052631578947367,0.0,0.2592592592592593,1.0,1.0,0.0,0.0,1.0,0.0,0.0,0.0,0.0,1.0,0.0,0.0
245,0.2941176470588236,0.6488776706030829,0.5714285714285714,0.7894736842105261,1.0,0.31481481481481477,0.3333333333333333,1.0,0.0,0.0,0.0,0.0,0.0,1.0,0.0,0.0,1.0,0.0
246,0.5294117647058822,0.36969259893626605,0.3571428571428571,0.6842105263157894,0.0,0.05555555555555555,0.0,0.0,1.0,0.0,0.0,1.0,0.0,0.0,0.0,0.0,0.0,1.0
247,0.8823529411764706,0.06260704949066975,0.1428571428571428,0.3157894736842104,1.0,0.5370370370370371,0.6666666666666666,1.0,0.0,1.0,0.0,0.0,0.0,0.0,0.0,1.0,0.0,0.0
248,0.11764705882352944,0.9729559181465789,1.0,1.0,0.0,0.0,0.3333333333333333,0.0,1.0,0.0,0.0,0.0,0.0,0.0,1.0,0.0,1.0,0.0
249,0.3529411764705883,0.24294600198323257,0.2142857142857142,0.4210526315789471,1.0,0.42592592592592593,0.6666666666666666,0.0,1.0,0.0,0.0,0.0,1.0,0.0,0.0,0.0,0.0,1.0
250,0.5882352941176472,0.05381772288830794,0.0714285714285714,0.0,0.0,0.16666666666666666,0.0,1.0,0.0,0.0,1.0,0.0,0.0,0.0,0.0,1.0,0.0,0.0
251,0.23529411764705888,0.6941314342378077,0.6428571428571428,0.8947368421052628,1.0,0.1851851851851852,0.3333333333333333,1.0,0.0,0.0,0.0,0.0,0.0,1.0,0.0,0.0,1.0,0.0
252,0.47058823529411775,0.34201748850626523,0.2857142857142857,0.5263157894736841,0.0,0.11111111111111113,0.0,0.0,1.0,0.0,0.0,1.0,0.0,0.0,0.0,0.0,0.0,1.0
253,1.0,0.08559451906607768,0.2142857142857142,0.1578947368421051,1.0,0.5555555555555556,0.6666666666666666,1.0,0.0,1.0,0.0,0.0,0.0,0.0,0.0,1.0,0.0,0.0
254,0.23529411764705888,0.9552871180023438,0.9285714285714284,0.9473684210526314,0.0,0.07407407407407407,0.3333333333333333,0.0,1.0,0.0,0.0,0.0,0.0,0.0,1.0,0.0,1.0,0.0
255,0.05882352941176472,0.27008023077616505,0.4285714285714285,0.5789473684210522,1.0,0.8333333333333334,0.6666666666666666,0.0,1.0,0.0,0.0,0.0,1.0,0.0,0.0,0.0,0.0,1.0
256,0.6470588235294117,0.018029387902280702,0.0,0.21052631578947367,0.0,0.2592592592592593,0.0,1.0,0.0,0.0,1.0,0.0,0.0,0.0,0.0,1.0,0.0,0.0
257,0.2941176470588236,0.6578923645542233,0.5714285714285714,0.8421052631578942,1.0,0.33333333333333337,0.3333333333333333,1.0,0.0,0.0,0.0,0.0,0.0,1.0,0.0,0.0,1.0,0.0
258,0.5294117647058822,0.36067790498512575,0.3571428571428571,0.6842105263157894,0.0,0.07407407407407407,0.0,0.0,1.0,0.0,0.0,1.0,0.0,0.0,0.0,0.0,0.0,1.0
259,0.8823529411764706,0.06711439646623996,0.1428571428571428,0.3157894736842104,1.0,0.5555555555555556,0.6666666666666666,1.0,0.0,1.0,0.0,0.0,0.0,0.0,0.0,1.0,0.0,0.0
260,0.11764705882352944,0.9819706120977193,1.0,1.0,0.0,0.018518518518518517,0.3333333333333333,0.0,1.0,0.0,0.0,0.0,0.0,0.0,1.0,0.0,1.0,0.0
261,0.3529411764705883,0.23393130803209228,0.2142857142857142,0.4210526315789471,1.0,0.4444444444444444,0.6666666666666666,0.0,1.0,0.0,0.0,0.0,1.0,0.0,0.0,0.0,0.0,1.0
262,0.5882352941176472,0.04480302893716753,0.0714285714285714,0.05263157894736836,0.0,0.1851851851851852,0.0,1.0,0.0,0.0,1.0,0.0,0.0,0.0,0.0,1.0,0.0,0.0
263,0.23529411764705888,0.7031461281889478,0.6428571428571428,0.7894736842105261,1.0,0.2037037037037037,0.3333333333333333,1.0,0.0,0.0,0.0,0.0,0.0,1.0,0.0,0.0,1.0,0.0
264,0.41176470588235303,0.3785720724781394,0.4285714285714285,0.6315789473684208,0.0,0.09259259259259259,0.3333333333333333,0.0,1.0,0.0,0.0,1.0,0.0,0.0,0.0,0.0,0.0,1.0
265,0.9411764705882355,0.09880104570449827,0.1428571428571428,0.26315789473684204,1.0,0.5185185185185185,0.6666666666666666,1.0,0.0,1.0,0.0,0.0,0.0,0.0,0.0,1.0,0.0,0.0
266,0.17647058823529416,0.864869737672406,0.7857142857142856,0.8947368421052628,0.0,0.018518518518518517,0.3333333333333333,0.0,1.0,0.0,0.0,0.0,0.0,0.0,1.0,0.0,1.0,0.0
267,0.0,0.2522311367529072,0.3571428571428571,0.4736842105263155,1.0,0.7037037037037037,0.6666666666666666,0.0,1.0,0.0,0.0,0.0,1.0,0.0,0.0,0.0,0.0,1.0
268,0.7058823529411766,0.027134228792932424,0.0714285714285714,0.10526315789473695,0.0,0.2777777777777778,0.0,1.0,0.0,0.0,1.0,0.0,0.0,0.0,0.0,1.0,0.0,0.0
269,0.3529411764705883,0.6756513116379698,0.5,0.736842105263158,1.0,0.24074074074074073,0.3333333333333333,1.0,0.0,0.0,0.0,0.0,0.0,1.0,0.0,0.0,1.0,0.0
270,0.47058823529411775,0.35103218245740564,0.2857142857142857,0.5789473684210522,0.0,0.1481481481481481,0.0,0.0,1.0,0.0,0.0,1.0,0.0,0.0,0.0,0.0,0.0,1.0
271,1.0,0.08108717209050748,0.2142857142857142,0.1578947368421051,1.0,0.5740740740740741,0.6666666666666666,1.0,0.0,1.0,0.0,0.0,0.0,0.0,0.0,1.0,0.0,0.0
272,0.23529411764705888,0.9462724240512034,0.9285714285714284,0.9473684210526314,0.0,0.05555555555555555,0.3333333333333333,0.0,1.0,0.0,0.0,0.0,0.0,0.0,1.0,0.0,1.0,0.0
273,0.05882352941176472,0.26106553682502476,0.4285714285714285,0.5263157894736841,1.0,0.8148148148148148,0.6666666666666666,0.0,1.0,0.0,0.0,0.0,1.0,0.0,0.0,0.0,0.0,1.0
274,0.6470588235294117,0.018029387902280702,0.0,0.21052631578947367,0.0,0.2592592592592593,0.0,1.0,0.0,0.0,1.0,0.0,0.0,0.0,0.0,1.0,0.0,0.0
275,0.2941176470588236,0.6578923645542233,0.5714285714285714,0.7894736842105261,1.0,0.33333333333333337,0.3333333333333333,1.0,0.0,0.0,0.0,0.0,0.0,1.0,0.0,0.0,1.0,0.0
276,0.5294117647058822,0.36969259893626605,0.3571428571428571,0.6842105263157894,0.0,0.05555555555555555,0.0,0.0,1.0,0.0,0.0,1.0,0.0,0.0,0.0,0.0,0.0,1.0
277,0.8823529411764706,0.06260704949066975,0.1428571428571428,0.3157894736842104,1.0,0.5370370370370371,0.6666666666666666,1.0,0.0,1.0,0.0,0.0,0.0,0.0,0.0,1.0,0.0,0.0
278,0.11764705882352944,0.9729559181465789,1.0,1.0,0.0,0.0,0.3333333333333333,0.0,1.0,0.0,0.0,0.0,0.0,0.0,1.0,0.0,1.0,0.0
279,0.3529411764705883,0.24294600198323257,0.2142857142857142,0.4210526315789471,1.0,0.42592592592592593,0.6666666666666666,0.0,1.0,0.0,0.0,0.0,1.0,0.0,0.0,0.0,0.0,1.0
280,0.5882352941176472,0.05381772288830794,0.0714285714285714,0.0,0.0,0.16666666666666666,0.0,1.0,0.0,0.0,1.0,0.0,0.0,0.0,0.0,1.0,0.0,0.0
281,0.23529411764705888,0.6941314342378077,0.6428571428571428,0.8947368421052628,1.0,0.1851851851851852,0.3333333333333333,1.0,0.0,0.0,0.0,0.0,0.0,1.0,0.0,0.0,1.0,0.0
282,0.47058823529411775,0.34201748850626523,0.2857142857142857,0.5263157894736841,0.0,0.11111111111111113,0.0,0.0,1.0,0.0,0.0,1.0,0.0,0.0,0.0,0.0,0.0,1.0
283,1.0,0.08559451906607768,0.2142857142857142,0.1578947368421051,1.0,0.5555555555555556,0.6666666666666666,1.0,0.0,1.0,0.0,0.0,0.0,0.0,0.0,1.0,0.0,0.0
284,0.23529411764705888,0.9552871180023438,0.9285714285714284,0.9473684210526314,0.0,0.07407407407407407,0.3333333333333333,0.0,1.0,0.0,0.0,0.0,0.0,0.0,1.0,0.0,1.0,0.0
285,0.05882352941176472,0.27008023077616505,0.4285714285714285,0.5789473684210522,1.0,0.8333333333333334,0.6666666666666666,0.0,1.0,0.0,0.0,0.0,1.0,0.0,0.0,0.0,0.0,1.0
286,0.6470588235294117,0.018029387902280702,0.0,0.21052631578947367,0.0,0.2592592592592593,0.0,1.0,0.0,0.0,1.0,0.0,0.0,0.0,0.0,1.0,0.0,0.0
287,0.2941176470588236,0.6488776706030829,0.5714285714285714,0.7894736842105261,1.0,0.31481481481481477,0.3333333333333333,1.0,0.0,0.0,0.0,0.0,0.0,1.0,0.0,0.0,1.0,0.0
288,0.5294117647058822,0.36969259893626605,0.3571428571428571,0.6842105263157894,0.0,0.07407407407407407,0.0,0.0,1.0,0.0,0.0,1.0,0.0,0.0,0.0,0.0,0.0,1.0
289,0.8823529411764706,0.06711439646623996,0.1428571428571428,0.3157894736842104,1.0,0.5555555555555556,0.6666666666666666,1.0,0.0,1.0,0.0,0.0,0.0,0.0,0.0,1.0,0.0,0.0
290,0.11764705882352944,0.9819706120977193,1.0,1.0,0.0,0.018518518518518517,0.3333333333333333,0.0,1.0,0.0,0.0,0.0,0.0,0.0,1.0,0.0,1.0,0.0
291,0.3529411764705883,0.23393130803209228,0.2142857142857142,0.4210526315789471,1.0,0.4444444444444444,0.6666666666666666,0.0,1.0,0.0,0.0,0.0,1.0,0.0,0.0,0.0,0.0,1.0
292,0.5882352941176472,0.04480302893716753,0.0714285714285714,0.05263157894736836,0.0,0.1851851851851852,0.0,1.0,0.0,0.0,1.0,0.0,0.0,0.0,0.0,1.0,0.0,0.0
293,0.23529411764705888,0.7031461281889478,0.6428571428571428,0.7894736842105261,1.0,0.2037037037037037,0.3333333333333333,1.0,0.0,0.0,0.0,0.0,0.0,1.0,0.0,0.0,1.0,0.0
294,0.41176470588235303,0.3785720724781394,0.4285714285714285,0.6315789473684208,0.0,0.09259259259259259,0.3333333333333333,0.0,1.0,0.0,0.0,1.0,0.0,0.0,0.0,0.0,0.0,1.0
295,0.9411764705882355,0.09880104570449827,0.1428571428571428,0.26315789473684204,1.0,0.5185185185185185,0.6666666666666666,1.0,0.0,1.0,0.0,0.0,0.0,0.0,0.0,1.0,0.0,0.0
296,0.17647058823529416,0.864869737672406,0.7857142857142856,0.8947368421052628,0.0,0.018518518518518517,0.3333333333333333,0.0,1.0,0.0,0.0,0.0,0.0,0.0,1.0,0.0,1.0,0.0
297,0.0,0.2522311367529072,0.3571428571428571,0.4736842105263155,1.0,0.7037037037037037,0.6666666666666666,0.0,1.0,0.0,0.0,0.0,1.0,0.0,0.0,0.0,0.0,1.0
298,0.7058823529411766,0.027134228792932424,0.0714285714285714,0.10526315789473695,0.0,0.2777777777777778,0.0,1.0,0.0,0.0,1.0,0.0,0.0,0.0,0.0,1.0,0.0,0.0
299,0.3529411764705883,0.6756513116379698,0.5,0.736842105263158,1.0,0.24074074074074073,0.3333333333333333,1.0,0.0,0.0,0.0,0.0,0.0,1.0,0.0,0.0,1.0,0.0
300,0.47058823529411775,0.35103218245740564,0.2857142857142857,0.5789473684210522,0.0,0.1481481481481481,0.0,0.0,1.0,0.0,0.0,1.0,0.0,0.0,0.0,0.0,0.0,1.0
301,0.5882352941176472,0.9104840890651761,0.857142857142857,0.8421052631578942,0.0,0.037037037037037035,0.3333333333333333,0.0,1.0,0.0,0.0,0.0,0.0,0.0,1.0,0.0,1.0,0.0
302,0.17647058823529416,0.28810961867844587,0.5,0.5263157894736841,1.0,0.7592592592592592,0.6666666666666666,1.0,0.0,0.0,0.0,0.0,1.0,0.0,0.0,0.0,0.0,1.0
303,0.5294117647058822,0.03587848192553861,0.0,0.1578947368421051,0.0,0.22222222222222218,0.0,1.0,0.0,0.0,1.0,0.0,0.0,0.0,0.0,1.0,0.0,0.0
304,0.2941176470588236,0.7209952222122059,0.7142857142857142,0.9473684210526314,1.0,0.16666666666666666,0.3333333333333333,0.0,1.0,0.0,0.0,0.0,0.0,1.0,0.0,0.0,1.0,0.0
305,0.05882352941176472,0.33363382313170464,0.2857142857142857,0.6315789473684208,0.0,0.12962962962962962,0.0,0.0,1.0,0.0,0.0,1.0,0.0,0.0,0.0,0.0,0.0,1.0
306,0.9411764705882355,0.07612909041738031,0.2142857142857142,0.26315789473684204,1.0,0.4814814814814815,0.6666666666666666,1.0,0.0,1.0,0.0,0.0,0.0,0.0,0.0,1.0,0.0,0.0
307,0.17647058823529416,0.8828991255746869,0.7857142857142856,0.8947368421052628,0.0,0.0,0.3333333333333333,0.0,1.0,0.0,0.0,0.0,0.0,0.0,1.0,0.0,1.0,0.0
308,0.0,0.2342017488506265,0.3571428571428571,0.4736842105263155,1.0,0.6851851851851852,0.6666666666666666,0.0,1.0,0.0,0.0,0.0,1.0,0.0,0.0,0.0,0.0,1.0
309,0.7058823529411766,0.04516361669521313,0.0714285714285714,0.10526315789473695,0.0,0.2962962962962963,0.0,1.0,0.0,0.0,1.0,0.0,0.0,0.0,0.0,1.0,0.0,0.0
310,0.3529411764705883,0.6846660055891102,0.5,0.7894736842105261,1.0,0.22222222222222218,0.3333333333333333,1.0,0.0,0.0,0.0,0.0,0.0,1.0,0.0,0.0,1.0,0.0
311,0.47058823529411775,0.36004687640854593,0.2857142857142857,0.5263157894736841,0.0,0.09259259259259259,0.0,0.0,1.0,0.0,0.0,1.0,0.0,0.0,0.0,0.0,0.0,1.0
312,1.0,0.09460921301721803,0.1428571428571428,0.1578947368421051,1.0,0.5370370370370371,0.6666666666666666,1.0,0.0,1.0,0.0,0.0,0.0,0.0,0.0,1.0,0.0,0.0
313,0.23529411764705888,0.9372577301000632,0.9285714285714284,0.9473684210526314,0.0,0.05555555555555555,0.3333333333333333,0.0,1.0,0.0,0.0,0.0,0.0,0.0,1.0,0.0,1.0,0.0
314,0.05882352941176472,0.25205084287388435,0.4285714285714285,0.5789473684210522,1.0,0.7962962962962963,0.6666666666666666,0.0,1.0,0.0,0.0,0.0,1.0,0.0,0.0,0.0,0.0,1.0
315,0.6470588235294117,0.009014693951140351,0.0,0.21052631578947367,0.0,0.2777777777777778,0.0,1.0,0.0,0.0,1.0,0.0,0.0,0.0,0.0,1.0,0.0,0.0
316,0.2941176470588236,0.6488776706030829,0.5714285714285714,0.7894736842105261,1.0,0.31481481481481477,0.3333333333333333,1.0,0.0,0.0,0.0,0.0,0.0,1.0,0.0,0.0,1.0,0.0
317,0.5294117647058822,0.36969259893626605,0.3571428571428571,0.6842105263157894,0.0,0.07407407407407407,0.0,0.0,1.0,0.0,0.0,1.0,0.0,0.0,0.0,0.0,0.0,1.0
318,0.8823529411764706,0.06260704949066975,0.1428571428571428,0.3157894736842104,1.0,0.5555555555555556,0.6666666666666666,1.0,0.0,1.0,0.0,0.0,0.0,0.0,0.0,1.0,0.0,0.0
319,0.11764705882352944,0.9729559181465789,1.0,1.0,0.0,0.0,0.3333333333333333,0.0,1.0,0.0,0.0,0.0,0.0,0.0,1.0,0.0,1.0,0.0
320,0.3529411764705883,0.24294600198323257,0.2142857142857142,0.4210526315789471,1.0,0.42592592592592593,0.6666666666666666,0.0,1.0,0.0,0.0,0.0,1.0,0.0,0.0,0.0,0.0,1.0
321,0.5882352941176472,0.05381772288830794,0.0714285714285714,0.0,0.0,0.16666666666666666,0.0,1.0,0.0,0.0,1.0,0.0,0.0,0.0,0.0,1.0,0.0,0.0
322,0.23529411764705888,0.6941314342378077,0.6428571428571428,0.8947368421052628,1.0,0.1851851851851852,0.3333333333333333,1.0,0.0,0.0,0.0,0.0,0.0,1.0,0.0,0.0,1.0,0.0
323,0.47058823529411775,0.34201748850626523,0.2857142857142857,0.5263157894736841,0.0,0.11111111111111113,0.0,0.0,1.0,0.0,0.0,1.0,0.0,0.0,0.0,0.0,0.0,1.0
324,1.0,0.08559451906607768,0.2142857142857142,0.1578947368421051,1.0,0.5555555555555556,0.6666666666666666,1.0,0.0,1.0,0.0,0.0,0.0,0.0,0.0,1.0,0.0,0.0
325,0.23529411764705888,0.9552871180023438,0.9285714285714284,0.9473684210526314,0.0,0.07407407407407407,0.3333333333333333,0.0,1.0,0.0,0.0,0.0,0.0,0.0,1.0,0.0,1.0,0.0
326,0.05882352941176472,0.27008023077616505,0.4285714285714285,0.5789473684210522,1.0,0.8333333333333334,0.6666666666666666,0.0,1.0,0.0,0.0,0.0,1.0,0.0,0.0,0.0,0.0,1.0
327,0.6470588235294117,0.018029387902280702,0.0,0.21052631578947367,0.0,0.2592592592592593,0.0,1.0,0.0,0.0,1.0,0.0,0.0,0.0,0.0,1.0,0.0,0.0
328,0.2941176470588236,0.6578923645542233,0.5714285714285714,0.7894736842105261,1.0,0.33333333333333337,0.3333333333333333,1.0,0.0,0.0,0.0,0.0,0.0,1.0,0.0,0.0,1.0,0.0
329,0.5294117647058822,0.36969259893626605,0.3571428571428571,0.6842105263157894,0.0,0.07407407407407407,0.0,0.0,1.0,0.0,0.0,1.0,0.0,0.0,0.0,0.0,0.0,1.0
330,0.8823529411764706,0.06711439646623996,0.1428571428571428,0.3157894736842104,1.0,0.5555555555555556,0.6666666666666666,1.0,0.0,1.0,0.0,0.0,0.0,0.0,0.0,1.0,0.0,0.0
331,0.11764705882352944,0.9819706120977193,1.0,1.0,0.0,0.018518518518518517,0.3333333333333333,0.0,1.0,0.0,0.0,0.0,0.0,0.0,1.0,0.0,1.0,0.0
332,0.3529411764705883,0.23393130803209228,0.2142857142857142,0.4210526315789471,1.0,0.4444444444444444,0.6666666666666666,0.0,1.0,0.0,0.0,0.0,1.0,0.0,0.0,0.0,0.0,1.0
333,0.5882352941176472,0.04480302893716753,0.0714285714285714,0.05263157894736836,0.0,0.1851851851851852,0.0,1.0,0.0,0.0,1.0,0.0,0.0,0.0,0.0,1.0,0.0,0.0
334,0.23529411764705888,0.7031461281889478,0.6428571428571428,0.7894736842105261,1.0,0.2037037037037037,0.3333333333333333,1.0,0.0,0.0,0.0,0.0,0.0,1.0,0.0,0.0,1.0,0.0
335,0.41176470588235303,0.3785720724781394,0.4285714285714285,0.6315789473684208,0.0,0.09259259259259259,0.3333333333333333,0.0,1.0,0.0,0.0,1.0,0.0,0.0,0.0,0.0,0.0,1.0
336,0.9411764705882355,0.09880104570449827,0.1428571428571428,0.26315789473684204,1.0,0.5185185185185185,0.6666666666666666,1.0,0.0,1.0,0.0,0.0,0.0,0.0,0.0,1.0,0.0,0.0
337,0.17647058823529416,0.864869737672406,0.7857142857142856,0.8947368421052628,0.0,0.018518518518518517,0.3333333333333333,0.0,1.0,0.0,0.0,0.0,0.0,0.0,1.0,0.0,1.0,0.0
338,0.0,0.2522311367529072,0.3571428571428571,0.4736842105263155,1.0,0.7037037037037037,0.6666666666666666,0.0,1.0,0.0,0.0,0.0,1.0,0.0,0.0,0.0,0.0,1.0
339,0.7058823529411766,0.027134228792932424,0.0714285714285714,0.10526315789473695,0.0,0.2777777777777778,0.0,1.0,0.0,0.0,1.0,0.0,0.0,0.0,0.0,1.0,0.0,0.0
340,0.3529411764705883,0.6756513116379698,0.5,0.736842105263158,1.0,0.24074074074074073,0.3333333333333333,1.0,0.0,0.0,0.0,0.0,0.0,1.0,0.0,0.0,1.0,0.0
341,0.47058823529411775,0.35103218245740564,0.2857142857142857,0.5789473684210522,0.0,0.1481481481481481,0.0,0.0,1.0,0.0,0.0,1.0,0.0,0.0,0.0,0.0,0.0,1.0
342,1.0,0.10362390696835838,0.1428571428571428,0.1578947368421051,1.0,0.5740740740740741,0.6666666666666666,1.0,0.0,1.0,0.0,0.0,0.0,0.0,0.0,1.0,0.0,0.0
343,0.23529411764705888,0.9462724240512034,0.9285714285714284,0.9473684210526314,0.0,0.037037037037037035,0.3333333333333333,0.0,1.0,0.0,0.0,0.0,0.0,0.0,1.0,0.0,1.0,0.0
344,0.05882352941176472,0.27909492472730546,0.4285714285714285,0.5263157894736841,1.0,0.8518518518518517,0.6666666666666666,0.0,1.0,0.0,0.0,0.0,1.0,0.0,0.0,0.0,0.0,1.0
345,0.6470588235294117,0.027044081853421054,0.0,0.10526315789473695,0.0,0.2962962962962963,0.0,1.0,0.0,0.0,1.0,0.0,0.0,0.0,0.0,1.0,0.0,0.0
346,0.2941176470588236,0.6669070585053637,0.5714285714285714,0.7894736842105261,1.0,0.35185185185185186,0.3333333333333333,1.0,0.0,0.0,0.0,0.0,0.0,1.0,0.0,0.0,1.0,0.0
347,0.5294117647058822,0.37870729288740645,0.3571428571428571,0.6842105263157894,0.0,0.09259259259259259,0.0,0.0,1.0,0.0,0.0,1.0,0.0,0.0,0.0,0.0,0.0,1.0
348,0.8823529411764706,0.0716217434418101,0.1428571428571428,0.3157894736842104,1.0,0.5740740740740741,0.6666666666666666,1.0,0.0,1.0,0.0,0.0,0.0,0.0,0.0,1.0,0.0,0.0
349,0.11764705882352944,0.9639412241954385,1.0,1.0,0.0,0.018518518518518517,0.3333333333333333,0.0,1.0,0.0,0.0,0.0,0.0,0.0,1.0,0.0,1.0,0.0
350,0.3529411764705883,0.251960695934373,0.2142857142857142,0.4210526315789471,1.0,0.4629629629629629,0.6666666666666666,0.0,1.0,0.0,0.0,0.0,1.0,0.0,0.0,0.0,0.0,1.0
351,0.5882352941176472,0.06283241683944829,0.0714285714285714,0.05263157894736836,0.0,0.2037037037037037,0.0,1.0,0.0,0.0,1.0,0.0,0.0,0.0,0.0,1.0,0.0,0.0
352,0.23529411764705888,0.6851167402866672,0.6428571428571428,0.8947368421052628,1.0,0.22222222222222218,0.3333333333333333,1.0,0.0,0.0,0.0,0.0,0.0,1.0,0.0,0.0,1.0,0.0
353,0.47058823529411775,0.34201748850626523,0.2857142857142857,0.5263157894736841,0.0,0.11111111111111113,0.0,0.0,1.0,0.0,0.0,1.0,0.0,0.0,0.0,0.0,0.0,1.0
354,1.0,0.09010186604164788,0.2142857142857142,0.1578947368421051,1.0,0.5925925925925926,0.6666666666666666,1.0,0.0,1.0,0.0,0.0,0.0,0.0,0.0,1.0,0.0,0.0
355,0.23529411764705888,0.9282430361489228,0.857142857142857,0.8421052631578942,0.0,0.05555555555555555,0.3333333333333333,0.0,1.0,0.0,0.0,0.0,0.0,0.0,1.0,0.0,1.0,0.0
356,0.05882352941176472,0.26106553682502476,0.4285714285714285,0.5789473684210522,1.0,0.8703703703703703,0.6666666666666666,0.0,1.0,0.0,0.0,0.0,1.0,0.0,0.0,0.0,0.0,1.0
357,0.6470588235294117,0.0,0.0,0.21052631578947367,0.0,0.31481481481481477,0.0,1.0,0.0,0.0,1.0,0.0,0.0,0.0,0.0,1.0,0.0,0.0
358,0.2941176470588236,0.6759217524565041,0.5714285714285714,0.7894736842105261,1.0,0.37037037037037035,0.3333333333333333,1.0,0.0,0.0,0.0,0.0,0.0,1.0,0.0,0.0,1.0,0.0
359,0.5294117647058822,0.36067790498512575,0.3571428571428571,0.6842105263157894,0.0,0.09259259259259259,0.0,0.0,1.0,0.0,0.0,1.0,0.0,0.0,0.0,0.0,0.0,1.0
360,0.8823529411764706,0.07612909041738031,0.1428571428571428,0.3157894736842104,1.0,0.5925925925925926,0.6666666666666666,1.0,0.0,1.0,0.0,0.0,0.0,0.0,0.0,1.0,0.0,0.0
361,0.11764705882352944,0.9729559181465789,1.0,1.0,0.0,0.018518518518518517,0.3333333333333333,0.0,1.0,0.0,0.0,0.0,0.0,0.0,1.0,0.0,1.0,0.0
362,0.3529411764705883,0.22491661408095187,0.2142857142857142,0.4210526315789471,1.0,0.4814814814814815,0.6666666666666666,0.0,1.0,0.0,0.0,0.0,1.0,0.0,0.0,0.0,0.0,1.0
363,0.5882352941176472,0.01775894708374648,0.0714285714285714,0.05263157894736836,0.0,0.22222222222222218,0.0,1.0,0.0,0.0,1.0,0.0,0.0,0.0,0.0,1.0,0.0,0.0
364,0.23529411764705888,0.7121608221400882,0.6428571428571428,0.8947368421052628,1.0,0.24074074074074073,0.3333333333333333,1.0,0.0,0.0,0.0,0.0,0.0,1.0,0.0,0.0,1.0,0.0
365,0.47058823529411775,0.3330027945551248,0.2857142857142857,0.5789473684210522,0.0,0.12962962962962962,0.0,0.0,1.0,0.0,0.0,1.0,0.0,0.0,0.0,0.0,0.0,1.0
366,1.0,0.08559451906607768,0.2142857142857142,0.1578947368421051,1.0,0.611111111111111,0.6666666666666666,1.0,0.0,1.0,0.0,0.0,0.0,0.0,0.0,1.0,0.0,0.0
367,0.23529411764705888,0.9462724240512034,0.9285714285714284,0.9473684210526314,0.0,0.07407407407407407,0.3333333333333333,0.0,1.0,0.0,0.0,0.0,0.0,0.0,1.0,0.0,1.0,0.0
368,0.05882352941176472,0.27008023077616505,0.4285714285714285,0.5789473684210522,1.0,0.888888888888889,0.6666666666666666,0.0,1.0,0.0,0.0,0.0,1.0,0.0,0.0,0.0,0.0,1.0
369,0.6470588235294117,0.036058775804561405,0.0,0.21052631578947367,0.0,0.2777777777777778,0.0,1.0,0.0,0.0,1.0,0.0,0.0,0.0,0.0,1.0,0.0,0.0
370,0.2941176470588236,0.6578923645542233,0.5714285714285714,0.7894736842105261,1.0,0.38888888888888895,0.3333333333333333,1.0,0.0,0.0,0.0,0.0,0.0,1.0,0.0,0.0,1.0,0.0
371,0.5294117647058822,0.35166321103398535,0.3571428571428571,0.5789473684210522,0.0,0.1481481481481481,0.0,0.0,1.0,0.0,0.0,1.0,0.0,0.0,0.0,0.0,0.0,1.0
372,0.8823529411764706,0.058099702515099605,0.1428571428571428,0.3157894736842104,1.0,0.611111111111111,0.6666666666666666,1.0,0.0,1.0,0.0,0.0,0.0,0.0,0.0,1.0,0.0,0.0
373,0.11764705882352944,0.9639412241954385,1.0,1.0,0.0,0.037037037037037035,0.3333333333333333,0.0,1.0,0.0,0.0,0.0,0.0,0.0,1.0,0.0,1.0,0.0
374,0.3529411764705883,0.22491661408095187,0.2142857142857142,0.4210526315789471,1.0,0.5,0.6666666666666666,0.0,1.0,0.0,0.0,0.0,1.0,0.0,0.0,0.0,0.0,1.0
375,0.5882352941176472,0.05381772288830794,0.0714285714285714,0.0,0.0,0.24074074074074073,0.0,1.0,0.0,0.0,1.0,0.0,0.0,0.0,0.0,1.0,0.0,0.0
376,0.23529411764705888,0.7031461281889478,0.6428571428571428,0.7894736842105261,1.0,0.2592592592592593,0.3333333333333333,1.0,0.0,0.0,0.0,0.0,0.0,1.0,0.0,0.0,1.0,0.0
377,0.41176470588235303,0.32398810060398453,0.2857142857142857,0.6315789473684208,0.0,0.16666666666666666,0.0,0.0,1.0,0.0,0.0,1.0,0.0,0.0,0.0,0.0,0.0,1.0
378,1.0,0.09460921301721803,0.2142857142857142,0.1578947368421051,1.0,0.6296296296296297,0.6666666666666666,1.0,0.0,1.0,0.0,0.0,0.0,0.0,0.0,1.0,0.0,0.0
379,0.23529411764705888,0.9372577301000632,0.857142857142857,0.8421052631578942,0.0,0.05555555555555555,0.3333333333333333,0.0,1.0,0.0,0.0,0.0,0.0,0.0,1.0,0.0,1.0,0.0
380,0.05882352941176472,0.27008023077616505,0.4285714285714285,0.5789473684210522,1.0,0.9074074074074073,0.6666666666666666,0.0,1.0,0.0,0.0,0.0,1.0,0.0,0.0,0.0,0.0,1.0
381,0.6470588235294117,0.018029387902280702,0.0,0.21052631578947367,0.0,0.33333333333333337,0.0,1.0,0.0,0.0,1.0,0.0,0.0,0.0,0.0,1.0,0.0,0.0
382,0.2941176470588236,0.6759217524565041,0.5714285714285714,0.7894736842105261,1.0,0.40740740740740744,0.3333333333333333,1.0,0.0,0.0,0.0,0.0,0.0,1.0,0.0,0.0,1.0,0.0
383,0.5294117647058822,0.36969259893626605,0.3571428571428571,0.6842105263157894,0.0,0.11111111111111113,0.0,0.0,1.0,0.0,0.0,1.0,0.0,0.0,0.0,0.0,0.0,1.0
384,0.8823529411764706,0.07612909041738031,0.1428571428571428,0.3157894736842104,1.0,0.6296296296296297,0.6666666666666666,1.0,0.0,1.0,0.0,0.0,0.0,0.0,0.0,1.0,0.0,0.0
385,0.11764705882352944,0.9729559181465789,1.0,1.0,0.0,0.018518518518518517,0.3333333333333333,0.0,1.0,0.0,0.0,0.0,0.0,0.0,1.0,0.0,1.0,0.0
386,0.3529411764705883,0.22491661408095187,0.2142857142857142,0.4210526315789471,1.0,0.5185185185185185,0.6666666666666666,0.0,1.0,0.0,0.0,0.0,1.0,0.0,0.0,0.0,0.0,1.0
387,0.5882352941176472,0.02677364103488683,0.0714285714285714,0.05263157894736836,0.0,0.2592592592592593,0.0,1.0,0.0,0.0,1.0,0.0,0.0,0.0,0.0,1.0,0.0,0.0
388,0.23529411764705888,0.7121608221400882,0.6428571428571428,0.8947368421052628,1.0,0.2777777777777778,0.3333333333333333,1.0,0.0,0.0,0.0,0.0,0.0,1.0,0.0,0.0,1.0,0.0
389,0.47058823529411775,0.3330027945551248,0.2857142857142857,0.5789473684210522,0.0,0.12962962962962962,0.0,0.0,1.0,0.0,0.0,1.0,0.0,0.0,0.0,0.0,0.0,1.0
390,1.0,0.08559451906607768,0.2142857142857142,0.1578947368421051,1.0,0.6481481481481481,0.6666666666666666,1.0,0.0,1.0,0.0,0.0,0.0,0.0,0.0,1.0,0.0,0.0
391,0.23529411764705888,0.9462724240512034,0.9285714285714284,0.9473684210526314,0.0,0.07407407407407407,0.3333333333333333,0.0,1.0,0.0,0.0,0.0,0.0,0.0,1.0,0.0,1.0,0.0
392,0.05882352941176472,0.27008023077616505,0.4285714285714285,0.5789473684210522,1.0,0.9259259259259259,0.6666666666666666,0.0,1.0,0.0,0.0,0.0,1.0,0.0,0.0,0.0,0.0,1.0
393,0.6470588235294117,0.036058775804561405,0.0,0.21052631578947367,0.0,0.35185185185185186,0.0,1.0,0.0,0.0,1.0,0.0,0.0,0.0,0.0,1.0,0.0,0.0
394,0.2941176470588236,0.6578923645542233,0.5714285714285714,0.7894736842105261,1.0,0.42592592592592593,0.3333333333333333,1.0,0.0,0.0,0.0,0.0,0.0,1.0,0.0,0.0,1.0,0.0
395,0.5294117647058822,0.35166321103398535,0.3571428571428571,0.5789473684210522,0.0,0.1481481481481481,0.0,0.0,1.0,0.0,0.0,1.0,0.0,0.0,0.0,0.0,0.0,1.0
396,0.8823529411764706,0.058099702515099605,0.1428571428571428,0.3157894736842104,1.0,0.6481481481481481,0.6666666666666666,1.0,0.0,1.0,0.0,0.0,0.0,0.0,0.0,1.0,0.0,0.0
397,0.11764705882352944,0.9639412241954385,1.0,1.0,0.0,0.05555555555555555,0.3333333333333333,0.0,1.0,0.0,0.0,0.0,0.0,0.0,1.0,0.0,1.0,0.0
398,0.3529411764705883,0.22491661408095187,0.2142857142857142,0.4210526315789471,1.0,0.5370370370370371,0.6666666666666666,0.0,1.0,0.0,0.0,0.0,1.0,0.0,0.0,0.0,0.0,1.0
399,0.5882352941176472,0.05381772288830794,0.0714285714285714,0.0,0.0,0.24074074074074073,0.0,1.0,0.0,0.0,1.0,0.0,0.0,0.0,0.0,1.0,0.0,0.0
400,0.23529411764705888,0.7031461281889478,0.6428571428571428,0.7894736842105261,1.0,0.2962962962962963,0.3333333333333333,1.0,0.0,0.0,0.0,0.0,0.0,1.0,0.0,0.0,1.0,0.0
401,0.41176470588235303,0.35103218245740564,0.2857142857142857,0.5789473684210522,0.0,0.16666666666666666,0.0,0.0,1.0,0.0,0.0,1.0,0.0,0.0,0.0,0.0,0.0,1.0
402,1.0,0.09460921301721803,0.2142857142857142,0.1578947368421051,1.0,0.6666666666666666,0.6666666666666666,1.0,0.0,1.0,0.0,0.0,0.0,0.0,0.0,1.0,0.0,0.0
403,0.23529411764705888,0.9372577301000632,0.857142857142857,0.8421052631578942,0.0,0.07407407407407407,0.3333333333333333,0.0,1.0,0.0,0.0,0.0,0.0,0.0,1.0,0.0,1.0,0.0
404,0.05882352941176472,0.27008023077616505,0.4285714285714285,0.5789473684210522,1.0,0.9444444444444445,0.6666666666666666,0.0,1.0,0.0,0.0,0.0,1.0,0.0,0.0,0.0,0.0,1.0
405,0.6470588235294117,0.018029387902280702,0.0,0.21052631578947367,0.0,0.37037037037037035,0.0,1.0,0.0,0.0,1.0,0.0,0.0,0.0,0.0,1.0,0.0,0.0
406,0.2941176470588236,0.6759217524565041,0.5714285714285714,0.7894736842105261,1.0,0.4444444444444444,0.3333333333333333,1.0,0.0,0.0,0.0,0.0,0.0,1.0,0.0,0.0,1.0,0.0
407,0.5294117647058822,0.36969259893626605,0.3571428571428571,0.6842105263157894,0.0,0.12962962962962962,0.0,0.0,1.0,0.0,0.0,1.0,0.0,0.0,0.0,0.0,0.0,1.0
408,0.8823529411764706,0.07612909041738031,0.1428571428571428,0.3157894736842104,1.0,0.6666666666666666,0.6666666666666666,1.0,0.0,1.0,0.0,0.0,0.0,0.0,0.0,1.0,0.0,0.0
409,0.11764705882352944,0.9729559181465789,1.0,1.0,0.0,0.037037037037037035,0.3333333333333333,0.0,1.0,0.0,0.0,0.0,0.0,0.0,1.0,0.0,1.0,0.0
410,0.3529411764705883,0.22491661408095187,0.2142857142857142,0.4210526315789471,1.0,0.5555555555555556,0.6666666666666666,0.0,1.0,0.0,0.0,0.0,1.0,0.0,0.0,0.0,0.0,1.0
411,0.5882352941176472,0.02677364103488683,0.0714285714285714,0.05263157894736836,0.0,0.2777777777777778,0.0,1.0,0.0,0.0,1.0,0.0,0.0,0.0,0.0,1.0,0.0,0.0
412,0.23529411764705888,0.7121608221400882,0.6428571428571428,0.8947368421052628,1.0,0.2962962962962963,0.3333333333333333,1.0,0.0,0.0,0.0,0.0,0.0,1.0,0.0,0.0,1.0,0.0
413,0.47058823529411775,0.3330027945551248,0.2857142857142857,0.5789473684210522,0.0,0.1481481481481481,0.0,0.0,1.0,0.0,0.0,1.0,0.0,0.0,0.0,0.0,0.0,1.0
414,1.0,0.08559451906607768,0.2142857142857142,0.1578947368421051,1.0,0.6851851851851852,0.6666666666666666,1.0,0.0,1.0,0.0,0.0,0.0,0.0,0.0,1.0,0.0,0.0
415,0.23529411764705888,0.9462724240512034,0.9285714285714284,0.9473684210526314,0.0,0.09259259259259259,0.3333333333333333,0.0,1.0,0.0,0.0,0.0,0.0,0.0,1.0,0.0,1.0,0.0
416,0.05882352941176472,0.27008023077616505,0.4285714285714285,0.5789473684210522,1.0,0.9629629629629629,0.6666666666666666,0.0,1.0,0.0,0.0,0.0,1.0,0.0,0.0,0.0,0.0,1.0
417,0.6470588235294117,0.036058775804561405,0.0,0.21052631578947367,0.0,0.38888888888888895,0.0,1.0,0.0,0.0,1.0,0.0,0.0,0.0,0.0,1.0,0.0,0.0
418,0.2941176470588236,0.6578923645542233,0.5714285714285714,0.7894736842105261,1.0,0.4629629629629629,0.3333333333333333,1.0,0.0,0.0,0.0,0.0,0.0,1.0,0.0,0.0,1.0,0.0
419,0.5294117647058822,0.35166321103398535,0.3571428571428571,0.5789473684210522,0.0,0.1851851851851852,0.0,0.0,1.0,0.0,0.0,1.0,0.0,0.0,0.0,0.0,0.0,1.0
420,0.8823529411764706,0.058099702515099605,0.1428571428571428,0.3157894736842104,1.0,0.6851851851851852,0.6666666666666666,1.0,0.0,1.0,0.0,0.0,0.0,0.0,0.0,1.0,0.0,0.0
421,0.11764705882352944,0.9639412241954385,1.0,1.0,0.0,0.05555555555555555,0.3333333333333333,0.0,1.0,0.0,0.0,0.0,0.0,0.0,1.0,0.0,1.0,0.0
422,0.3529411764705883,0.22491661408095187,0.2142857142857142,0.4210526315789471,1.0,0.5740740740740741,0.6666666666666666,0.0,1.0,0.0,0.0,0.0,1.0,0.0,0.0,0.0,0.0,1.0
423,0.5882352941176472,0.05381772288830794,0.0714285714285714,0.0,0.0,0.31481481481481477,0.0,1.0,0.0,0.0,1.0,0.0,0.0,0.0,0.0,1.0,0.0,0.0
424,0.23529411764705888,0.7031461281889478,0.6428571428571428,0.7894736842105261,1.0,0.33333333333333337,0.3333333333333333,1.0,0.0,0.0,0.0,0.0,0.0,1.0,0.0,0.0,1.0,0.0
425,0.47058823529411775,0.3330027945551248,0.2857142857142857,0.6315789473684208,0.0,0.16666666666666666,0.0,0.0,1.0,0.0,0.0,1.0,0.0,0.0,0.0,0.0,0.0,1.0
426,1.0,0.09460921301721803,0.2142857142857142,0.1578947368421051,1.0,0.7037037037037037,0.6666666666666666,1.0,0.0,1.0,0.0,0.0,0.0,0.0,0.0,1.0,0.0,0.0
427,0.23529411764705888,0.9372577301000632,0.857142857142857,0.8421052631578942,0.0,0.09259259259259259,0.3333333333333333,0.0,1.0,0.0,0.0,0.0,0.0,0.0,1.0,0.0,1.0,0.0
428,0.05882352941176472,0.27008023077616505,0.4285714285714285,0.5789473684210522,1.0,0.9814814814814815,0.6666666666666666,0.0,1.0,0.0,0.0,0.0,1.0,0.0,0.0,0.0,0.0,1.0
429,0.6470588235294117,0.018029387902280702,0.0,0.21052631578947367,0.0,0.40740740740740744,0.0,1.0,0.0,0.0,1.0,0.0,0.0,0.0,0.0,1.0,0.0,0.0
430,0.2941176470588236,0.6759217524565041,0.5714285714285714,0.7894736842105261,1.0,0.4814814814814815,0.3333333333333333,1.0,0.0,0.0,0.0,0.0,0.0,1.0,0.0,0.0,1.0,0.0
431,0.5294117647058822,0.36969259893626605,0.3571428571428571,0.6842105263157894,0.0,0.2037037037037037,0.0,0.0,1.0,0.0,0.0,1.0,0.0,0.0,0.0,0.0,0.0,1.0
432,0.8823529411764706,0.07612909041738031,0.1428571428571428,0.3157894736842104,1.0,0.7037037037037037,0.6666666666666666,1.0,0.0,1.0,0.0,0.0,0.0,0.0,0.0,1.0,0.0,0.0
433,0.11764705882352944,0.9729559181465789,1.0,1.0,0.0,0.037037037037037035,0.3333333333333333,0.0,1.0,0.0,0.0,0.0,0.0,0.0,1.0,0.0,1.0,0.0
434,0.3529411764705883,0.22491661408095187,0.2142857142857142,0.4210526315789471,1.0,0.5925925925925926,0.6666666666666666,0.0,1.0,0.0,0.0,0.0,1.0,0.0,0.0,0.0,0.0,1.0
435,0.5882352941176472,0.02677364103488683,0.0714285714285714,0.05263157894736836,0.0,0.35185185185185186,0.0,1.0,0.0,0.0,1.0,0.0,0.0,0.0,0.0,1.0,0.0,0.0
436,0.23529411764705888,0.7121608221400882,0.6428571428571428,0.8947368421052628,1.0,0.35185185185185186,0.3333333333333333,1.0,0.0,0.0,0.0,0.0,0.0,1.0,0.0,0.0,1.0,0.0
437,0.47058823529411775,0.3330027945551248,0.2857142857142857,0.5789473684210522,0.0,0.1851851851851852,0.0,0.0,1.0,0.0,0.0,1.0,0.0,0.0,0.0,0.0,0.0,1.0
438,1.0,0.08559451906607768,0.2142857142857142,0.1578947368421051,1.0,0.7222222222222222,0.6666666666666666,1.0,0.0,1.0,0.0,0.0,0.0,0.0,0.0,1.0,0.0,0.0
439,0.23529411764705888,0.9462724240512034,0.9285714285714284,0.9473684210526314,0.0,0.11111111111111113,0.3333333333333333,0.0,1.0,0.0,0.0,0.0,0.0,0.0,1.0,0.0,1.0,0.0
440,0.05882352941176472,0.27008023077616505,0.4285714285714285,0.5789473684210522,1.0,0.9999999999999999,0.6666666666666666,0.0,1.0,0.0,0.0,0.0,1.0,0.0,0.0,0.0,0.0,1.0
441,0.6470588235294117,0.036058775804561405,0.0,0.21052631578947367,0.0,0.42592592592592593,0.0,1.0,0.0,0.0,1.0,0.0,0.0,0.0,0.0,1.0,0.0,0.0
442,0.2941176470588236,0.6578923645542233,0.5714285714285714,0.7894736842105261,1.0,0.5,0.3333333333333333,1.0,0.0,0.0,0.0,0.0,0.0,1.0,0.0,0.0,1.0,0.0
443,0.5294117647058822,0.35166321103398535,0.3571428571428571,0.5789473684210522,0.0,0.2037037037037037,0.0,0.0,1.0,0.0,0.0,1.0,0.0,0.0,0.0,0.0,0.0,1.0
444,0.8823529411764706,0.058099702515099605,0.1428571428571428,0.3157894736842104,1.0,0.7222222222222222,0.6666666666666666,1.0,0.0,1.0,0.0,0.0,0.0,0.0,0.0,1.0,0.0,0.0
445,0.11764705882352944,0.9639412241954385,1.0,1.0,0.0,0.07407407407407407,0.3333333333333333,0.0,1.0,0.0,0.0,0.0,0.0,0.0,1.0,0.0,1.0,0.0
446,0.3529411764705883,0.22491661408095187,0.2142857142857142,0.4210526315789471,1.0,0.611111111111111,0.6666666666666666,0.0,1.0,0.0,0.0,0.0,1.0,0.0,0.0,0.0,0.0,1.0
447,0.5882352941176472,0.05381772288830794,0.0714285714285714,0.0,0.0,0.33333333333333337,0.0,1.0,0.0,0.0,1.0,0.0,0.0,0.0,0.0,1.0,0.0,0.0
448,0.23529411764705888,0.7031461281889478,0.6428571428571428,0.7894736842105261,1.0,0.35185185185185186,0.3333333333333333,1.0,0.0,0.0,0.0,0.0,0.0,1.0,0.0,0.0,1.0,0.0
449,0.47058823529411775,0.3330027945551248,0.2857142857142857,0.6315789473684208,0.0,0.22222222222222218,0.0,0.0,1.0,0.0,0.0,1.0,0.0,0.0,0.0,0.0,0.0,1.0
450,1.0,0.09460921301721803,0.2142857142857142,0.1578947368421051,1.0,0.7407407407407407,0.6666666666666666,1.0,0.0,1.0,0.0,0.0,0.0,0.0,0.0,1.0,0.0,0.0
